accession,gene,name
A0A075B6H7,IGKV3-7,Probable non-functional immunoglobulin kappa variable 3-7
A0A075B6H9,IGLV4-69,Immunoglobulin lambda variable 4-69
A0A075B6I0,IGLV8-61,Immunoglobulin lambda variable 8-61
A0A075B6I1,IGLV4-60,Immunoglobulin lambda variable 4-60
A0A075B6I6,IGLV1-50,Probable non-functional immunoglobulin lambda variable 1-50
A0A075B6I7,IGLV5-48,Probable non-functional immunoglobulin lambda variable 5-48
A0A075B6I9,IGLV7-46,Immunoglobulin lambda variable 7-46
A0A075B6J2,IGLV2-33,Probable non-functional immunoglobulin lambda variable 2-33
A0A075B6J6,IGLV3-22,Immunoglobulin lambda variable 3-22
A0A075B6J9,IGLV2-18,Immunoglobulin lambda variable 2-18
A0A075B6K0,IGLV3-16,Immunoglobulin lambda variable 3-16
A0A075B6K4,IGLV3-10,Immunoglobulin lambda variable 3-10
A0A075B6K5,IGLV3-9,Immunoglobulin lambda variable 3-9
A0A075B6K6,IGLV4-3,Immunoglobulin lambda variable 4-3
A0A075B6Q5,IGHV3-64,Immunoglobulin heavy variable 3-64
A0A075B6S2,IGKV2D-29,Immunoglobulin kappa variable 2D-29
A0A075B6S5,IGKV1-27,Immunoglobulin kappa variable 1-27
A0A075B6S6,IGKV2D-30,Immunoglobulin kappa variable 2D-30
A0A087WSX0,IGLV5-45,Immunoglobulin lambda variable 5-45
A0A087WSZ0,IGKV1D-8,Immunoglobulin kappa variable 1D-8
A0A0A0MRZ9,IGLV5-52,Immunoglobulin lambda variable 5-52
A0A0A0MS14,IGHV1-45,Immunoglobulin heavy variable 1-45
A0A0A0MS15,IGHV3-49,Immunoglobulin heavy variable 3-49
A0A0A0MT89,IGKJ1,Immunoglobulin kappa joining 1
A0A0B4J1U3,IGLV1-36,Immunoglobulin lambda variable 1-36
A0A0B4J1U7,IGHV6-1,Immunoglobulin heavy variable 6-1
A0A0B4J1V0,IGHV3-15,Immunoglobulin heavy variable 3-15
A0A0B4J1V2,IGHV2-26,Immunoglobulin heavy variable 2-26
A0A0B4J1V6,IGHV3-73,Immunoglobulin heavy variable 3-73
A0A0B4J1X5,IGHV3-74,Immunoglobulin heavy variable 3-74
A0A0B4J1X8,IGHV3-43,Immunoglobulin heavy variable 3-43
A0A0B4J1Y8,IGLV9-49,Immunoglobulin lambda variable 9-49
A0A0B4J1Y9,IGHV3-72,Immunoglobulin heavy variable 3-72
A0A0B4J275,TRAV17,T cell receptor alpha variable 17
A0A0B4J2H0,IGHV1-69D,Immunoglobulin heavy variable 1-69D
A0A0C4DH24,IGKV6-21,Immunoglobulin kappa variable 6-21
A0A0C4DH25,IGKV3D-20,Immunoglobulin kappa variable 3D-20
A0A0C4DH26,IGKV6D-41,Probable non-functional immunoglobulin kappa variable 6D-41
A0A0C4DH29,IGHV1-3,Immunoglobulin heavy variable 1-3
A0A0C4DH31,IGHV1-18,Immunoglobulin heavy variable 1-18
A0A0C4DH33,IGHV1-24,Immunoglobulin heavy variable 1-24
A0A0C4DH35,IGHV3-35,Probable non-functional immunoglobulin heavy variable 3-35
A0A0C4DH36,IGHV3-38,Probable non-functional immunoglobulin heavy variable 3-38
A0A0C4DH38,IGHV5-51,Immunoglobulin heavy variable 5-51
A0A0C4DH43,IGHV2-70D,Immunoglobulin heavy variable 2-70D
A0A0C4DH55,IGKV3D-7,Immunoglobulin kappa variable 3D-7
A0A0G2JMI3,IGHV1-69-2,Immunoglobulin heavy variable 1-69-2
A0A0G2JS06,IGLV5-39,Immunoglobulin lambda variable 5-39
A0A0J9YX35,IGHV3-64D,Immunoglobulin heavy variable 3-64D
A0A0J9YX57,MAGEB6B,Melanoma-associated antigen B6B
A0A1B0GTC6,C3orf85,Uncharacterized protein C3orf85
A0A1W2PQ73,ERFL,ETS domain-containing transcription factor ERF-like
A0M8Q6,IGLC7,Immunoglobulin lambda constant 7
A1L4H1,SSC5D,Soluble scavenger receptor cysteine-rich domain-containing protein SSC5D
A2NJV5,IGKV2-29,Immunoglobulin kappa variable 2-29
M5A8F1,ERVH48-1,Suppressyn
O00151,PDLIM1,PDZ and LIM domain protein 1
O00187,MASP2,Mannan-binding lectin serine protease 2
O00231,PSMD11,26S proteasome non-ATPase regulatory subunit 11
O00233,PSMD9,26S proteasome non-ATPase regulatory subunit 9
O00299,CLIC1,Chloride intracellular channel protein 1
O00339,MATN2,Matrilin-2
O00391,QSOX1,Sulfhydryl oxidase 1
O00462,MANBA,Beta-mannosidase
O00533,CHL1,Neural cell adhesion molecule L1-like protein
O00584,RNASET2,Ribonuclease T2
O00592,PODXL,Podocalyxin
O00748,CES2,Cocaine esterase
O14498,ISLR,Immunoglobulin superfamily containing leucine-rich repeat protein
O14618,CCS,Copper chaperone for superoxide dismutase
O14672,ADAM10,Disintegrin and metalloproteinase domain-containing protein 10
O14786,NRP1,Neuropilin-1
O14791,APOL1,Apolipoprotein L1
O14818,PSMA7,Proteasome subunit alpha type-7
O14960,LECT2,Leukocyte cell-derived chemotaxin-2
O15031,PLXNB2,Plexin-B2
O15143,ARPC1B,Actin-related protein 2/3 complex subunit 1B
O15204,ADAMDEC1,ADAM DEC1
O15379,HDAC3,Histone deacetylase 3
O15394,NCAM2,Neural cell adhesion molecule 2
O15440,ABCC5,ATP-binding cassette sub-family C member 5
O15442,MPPED1,Metallophosphoesterase domain-containing protein 1
O15467,CCL16,C-C motif chemokine 16
O43157,PLXNB1,Plexin-B1
O43184,ADAM12,Disintegrin and metalloproteinase domain-containing protein 12
O43278,SPINT1,Kunitz-type protease inhibitor 1
O43280,TREH,Trehalase
O43493,TGOLN2,Trans-Golgi network integral membrane protein 2
O43505,B4GAT1,"Beta-1,4-glucuronyltransferase 1"
O43852,CALU,Calumenin
O43866,CD5L,CD5 antigen-like
O43895,XPNPEP2,Xaa-Pro aminopeptidase 2
O43909,EXTL3,Exostosin-like 3
O60279,SUSD5,Sushi domain-containing protein 5
O60462,NRP2,Neuropilin-2
O60476,MAN1A2,"Mannosyl-oligosaccharide 1,2-alpha-mannosidase IB"
O60488,ACSL4,Long-chain-fatty-acid--CoA ligase 4
O60762,DPM1,Dolichol-phosphate mannosyltransferase subunit 1
O75015,FCGR3B,Low affinity immunoglobulin gamma Fc region receptor III-B
O75023,LILRB5,Leukocyte immunoglobulin-like receptor subfamily B member 5
O75051,PLXNA2,Plexin-A2
O75144,ICOSLG,ICOS ligand
O75326,SEMA7A,Semaphorin-7A
O75339,CILP,Cartilage intermediate layer protein 1
O75340,PDCD6,Programmed cell death protein 6
O75347,TBCA,Tubulin-specific chaperone A
O75368,SH3BGRL,Adapter SH3BGRL
O75503,CLN5,Bis(monoacylglycero)phosphate synthase CLN5
O75636,FCN3,Ficolin-3
O75689,ADAP1,Arf-GAP with dual PH domain-containing protein 1
O75832,PSMD10,26S proteasome non-ATPase regulatory subunit 10
O75874,IDH1,Isocitrate dehydrogenase [NADP] cytoplasmic
O75954,TSPAN9,Tetraspanin-9
O75976,CPD,Carboxypeptidase D
O76003,GLRX3,Glutaredoxin-3
O76061,STC2,Stanniocalcin-2
O94766,B3GAT3,Galactosylgalactosylxylosylprotein 3-beta-glucuronosyltransferase 3
O94898,LRIG2,Leucine-rich repeats and immunoglobulin-like domains protein 2
O94985,CLSTN1,Calsyntenin-1
O95274,LYPD3,Ly6/PLAUR domain-containing protein 3
O95428,PAPLN,Papilin
O95445,APOM,Apolipoprotein M
O95477,ABCA1,Phospholipid-transporting ATPase ABCA1
O95479,H6PD,GDH/6PGL endoplasmic bifunctional protein
O95497,VNN1,Pantetheinase
O95782,AP2A1,AP-2 complex subunit alpha-1
O95897,OLFM2,Noelin-2
O95980,RECK,Reversion-inducing cysteine-rich protein with Kazal motifs
O95996,APC2,Adenomatous polyposis coli protein 2
P00338,LDHA,L-lactate dehydrogenase A chain
P00390,GSR,"Glutathione reductase, mitochondrial"
P00450,CP,Ceruloplasmin
P00451,F8,Coagulation factor VIII
P00492,HPRT1,Hypoxanthine-guanine phosphoribosyltransferase
P00533,EGFR,Epidermal growth factor receptor
P00568,AK1,Adenylate kinase isoenzyme 1
P00709,LALBA,Alpha-lactalbumin
P00736,C1R,Complement C1r subcomponent
P00738,HP,Haptoglobin
P00739,HPR,Haptoglobin-related protein
P00740,F9,Coagulation factor IX
P00742,F10,Coagulation factor X
P00746,CFD,Complement factor D
P00747,PLG,Plasminogen
P00748,F12,Coagulation factor XII
P00751,CFB,Complement factor B
P01009,SERPINA1,Alpha-1-antitrypsin
P01011,SERPINA3,Alpha-1-antichymotrypsin
P01019,AGT,Angiotensinogen
P01023,A2M,Alpha-2-macroglobulin
P01024,C3,Complement C3
P01031,C5,Complement C5
P01033,TIMP1,Metalloproteinase inhibitor 1
P01042,KNG1,Kininogen-1
P01137,TGFB1,Transforming growth factor beta-1 proprotein
P01215,CGA,Glycoprotein hormones alpha chain
P01236,PRL,Prolactin
P01344,IGF2,Insulin-like growth factor 2
P01591,JCHAIN,Immunoglobulin J chain
P01599,IGKV1-17,Immunoglobulin kappa variable 1-17
P01602,IGKV1-5,Immunoglobulin kappa variable 1-5
P01619,IGKV3-20,Immunoglobulin kappa variable 3-20
P01699,IGLV1-44,Immunoglobulin lambda variable 1-44
P01700,IGLV1-47,Immunoglobulin lambda variable 1-47
P01701,IGLV1-51,Immunoglobulin lambda variable 1-51
P01703,IGLV1-40,Immunoglobulin lambda variable 1-40
P01706,IGLV2-11,Immunoglobulin lambda variable 2-11
P01709,IGLV2-8,Immunoglobulin lambda variable 2-8
P01714,IGLV3-19,Immunoglobulin lambda variable 3-19
P01715,IGLV3-1,Immunoglobulin lambda variable 3-1
P01717,IGLV3-25,Immunoglobulin lambda variable 3-25
P01721,IGLV6-57,Immunoglobulin lambda variable 6-57
P01742,IGHV1-69,Immunoglobulin heavy variable 1-69
P01743,IGHV1-46,Immunoglobulin heavy variable 1-46
P01764,IGHV3-23,Immunoglobulin heavy variable 3-23
P01766,IGHV3-13,Immunoglobulin heavy variable 3-13
P01772,IGHV3-33,Immunoglobulin heavy variable 3-33
P01780,IGHV3-7,Immunoglobulin heavy variable 3-7
P01782,IGHV3-9,Immunoglobulin heavy variable 3-9
P01817,IGHV2-5,Immunoglobulin heavy variable 2-5
P01833,PIGR,Polymeric immunoglobulin receptor
P01834,IGKC,Immunoglobulin kappa constant
P01859,IGHG2,Immunoglobulin heavy constant gamma 2
P01860,IGHG3,Immunoglobulin heavy constant gamma 3
P01861,IGHG4,Immunoglobulin heavy constant gamma 4
P01871,IGHM,Immunoglobulin heavy constant mu
P01876,IGHA1,Immunoglobulin heavy constant alpha 1
P01889,HLA-B,"HLA class I histocompatibility antigen, B alpha chain"
P01911,HLA-DRB1,"HLA class II histocompatibility antigen, DRB1 beta chain"
P01920,HLA-DQB1,"HLA class II histocompatibility antigen, DQ beta 1 chain"
P02144,MB,Myoglobin
P02452,COL1A1,Collagen alpha-1(I) chain
P02461,COL3A1,Collagen alpha-1(III) chain
P02647,APOA1,Apolipoprotein A-I
P02649,APOE,Apolipoprotein E
P02652,APOA2,Apolipoprotein A-II
P02654,APOC1,Apolipoprotein C-I
P02655,APOC2,Apolipoprotein C-II
P02741,CRP,C-reactive protein
P02743,APCS,Serum amyloid P-component
P02745,C1QA,Complement C1q subcomponent subunit A
P02746,C1QB,Complement C1q subcomponent subunit B
P02747,C1QC,Complement C1q subcomponent subunit C
P02748,C9,Complement component C9
P02749,APOH,Beta-2-glycoprotein 1
P02750,LRG1,Leucine-rich alpha-2-glycoprotein
P02751,FN1,Fibronectin
P02753,RBP4,Retinol-binding protein 4
P02760,AMBP,Protein AMBP
P02763,ORM1,Alpha-1-acid glycoprotein 1
P02765,AHSG,Alpha-2-HS-glycoprotein
P02766,TTR,Transthyretin
P02768,ALB,Albumin
P02774,GC,Vitamin D-binding protein
P02786,TFRC,Transferrin receptor protein 1
P02787,TF,Serotransferrin
P02790,HPX,Hemopexin
P03950,ANG,Angiogenin
P03952,KLKB1,Plasma kallikrein
P04003,C4BPA,C4b-binding protein alpha chain
P04004,VTN,Vitronectin
P04062,GBA1,Lysosomal acid glucosylceramidase
P04066,FUCA1,Tissue alpha-L-fucosidase
P04080,CSTB,Cystatin-B
P04090,RLN2,Prorelaxin H2
P04114,APOB,Apolipoprotein B-100
P04179,SOD2,"Superoxide dismutase [Mn], mitochondrial"
P04180,LCAT,Phosphatidylcholine-sterol acyltransferase
P04196,HRG,Histidine-rich glycoprotein
P04211,IGLV7-43,Immunoglobulin lambda variable 7-43
P04216,THY1,Thy-1 membrane glycoprotein
P04217,A1BG,Alpha-1B-glycoprotein
P04275,VWF,von Willebrand factor
P04278,SHBG,Sex hormone-binding globulin
P04424,ASL,Argininosuccinate lyase
P04430,IGKV1-16,Immunoglobulin kappa variable 1-16
P04433,IGKV3-11,Immunoglobulin kappa variable 3-11
P04439,HLA-A,"HLA class I histocompatibility antigen, A alpha chain"
P04632,CAPNS1,Calpain small subunit 1
P04792,HSPB1,Heat shock protein beta-1
P05062,ALDOB,Fructose-bisphosphate aldolase B
P05067,APP,Amyloid-beta precursor protein
P05090,APOD,Apolipoprotein D
P05107,ITGB2,Integrin beta-2
P05109,S100A8,Protein S100-A8
P05120,SERPINB2,Plasminogen activator inhibitor 2
P05121,SERPINE1,Plasminogen activator inhibitor 1
P05155,SERPING1,Plasma protease C1 inhibitor
P05156,CFI,Complement factor I
P05160,F13B,Coagulation factor XIII B chain
P05187,ALPP,"Alkaline phosphatase, placental type"
P05362,ICAM1,Intercellular adhesion molecule 1
P05451,REG1A,Lithostathine-1-alpha
P05452,CLEC3B,Tetranectin
P05543,SERPINA7,Thyroxine-binding globulin
P05546,SERPIND1,Heparin cofactor 2
P05556,ITGB1,Integrin beta-1
P06280,GLA,Alpha-galactosidase A
P06310,IGKV2-30,Immunoglobulin kappa variable 2-30
P06312,IGKV4-1,Immunoglobulin kappa variable 4-1
P06396,GSN,Gelsolin
P06576,ATP5F1B,"ATP synthase F(1) complex subunit beta, mitochondrial"
P06681,C2,Complement C2
P06702,S100A9,Protein S100-A9
P06727,APOA4,Apolipoprotein A-IV
P06732,CKM,Creatine kinase M-type
P06733,ENO1,Alpha-enolase
P06744,GPI,Glucose-6-phosphate isomerase
P06748,NPM1,Nucleophosmin
P06753,TPM3,Tropomyosin alpha-3 chain
P06850,CRH,Corticoliberin
P06858,LPL,Lipoprotein lipase
P06865,HEXA,Beta-hexosaminidase subunit alpha
P07093,SERPINE2,Glia-derived nexin
P07148,FABP1,"Fatty acid-binding protein, liver"
P07203,GPX1,Glutathione peroxidase 1
P07225,PROS1,Vitamin K-dependent protein S
P07237,P4HB,Protein disulfide-isomerase
P07307,ASGR2,Asialoglycoprotein receptor 2
P07333,CSF1R,Macrophage colony-stimulating factor 1 receptor
P07339,CTSD,Cathepsin D
P07357,C8A,Complement component C8 alpha chain
P07358,C8B,Complement component C8 beta chain
P07360,C8G,Complement component C8 gamma chain
P07384,CAPN1,Calpain-1 catalytic subunit
P07437,TUBB,Tubulin beta chain
P07451,CA3,Carbonic anhydrase 3
P07476,IVL,Involucrin
P07478,PRSS2,Trypsin-2
P07602,PSAP,Prosaposin
P07686,HEXB,Beta-hexosaminidase subunit beta
P07858,CTSB,Cathepsin B
P07911,UMOD,Uromodulin
P07942,LAMB1,Laminin subunit beta-1
P07949,RET,Proto-oncogene tyrosine-protein kinase receptor Ret
P07951,TPM2,Tropomyosin beta chain
P07998,RNASE1,Ribonuclease pancreatic
P08174,CD55,Complement decay-accelerating factor
P08185,SERPINA6,Corticosteroid-binding globulin
P08195,SLC3A2,Amino acid transporter heavy chain SLC3A2
P08217,CELA2A,Chymotrypsin-like elastase family member 2A
P08236,GUSB,Beta-glucuronidase
P08238,HSP90AB1,Heat shock protein HSP 90-beta
P08253,MMP2,72 kDa type IV collagenase
P08294,SOD3,Extracellular superoxide dismutase [Cu-Zn]
P08311,CTSG,Cathepsin G
P08319,ADH4,All-trans-retinol dehydrogenase [NAD(+)] ADH4
P08397,HMBS,Porphobilinogen deaminase
P08476,INHBA,Inhibin beta A chain
P08493,MGP,Matrix Gla protein
P08519,LPA,Apolipoprotein(a)
P08571,CD14,Monocyte differentiation antigen CD14
P08572,COL4A2,Collagen alpha-2(IV) chain
P08581,MET,Hepatocyte growth factor receptor
P08603,CFH,Complement factor H
P08637,FCGR3A,Low affinity immunoglobulin gamma Fc region receptor III-A
P08697,SERPINF2,Alpha-2-antiplasmin
P08709,F7,Coagulation factor VII
P08833,IGFBP1,Insulin-like growth factor-binding protein 1
P09172,DBH,Dopamine beta-hydroxylase
P09382,LGALS1,Galectin-1
P09466,PAEP,Glycodelin
P09486,SPARC,SPARC
P09493,TPM1,Tropomyosin alpha-1 chain
P09603,CSF1,Macrophage colony-stimulating factor 1
P09619,PDGFRB,Platelet-derived growth factor receptor beta
P09668,CTSH,Pro-cathepsin H
P09681,GIP,Gastric inhibitory polypeptide
P09871,C1S,Complement C1s subcomponent
P09923,ALPI,Intestinal-type alkaline phosphatase
P09960,LTA4H,Leukotriene A-4 hydrolase
P0C0L4,C4A,Complement C4-A
P0C0L5,C4B,Complement C4-B
P0CG04,IGLC1,Immunoglobulin lambda constant 1
P0DJI8,SAA1,Serum amyloid A-1 protein
P0DJI9,SAA2,Serum amyloid A-2 protein
P0DKX4,SMIM18,Small integral membrane protein 18
P0DOX2,,Immunoglobulin alpha-2 heavy chain
P0DOX3,,Immunoglobulin delta heavy chain
P0DOX4,,Immunoglobulin epsilon heavy chain
P0DOX5,,Immunoglobulin gamma-1 heavy chain
P0DOX6,,Immunoglobulin mu heavy chain
P0DOX7,,Immunoglobulin kappa light chain
P0DOX8,,Immunoglobulin lambda-1 light chain
P0DOY3,IGLC3,Immunoglobulin lambda constant 3
P0DP08,IGHV4-38-2,Immunoglobulin heavy variable 4-38-2
P0DTE1,IGHV3-38-3,Probable non-functional immunoglobulin heavy variable 3-38-3
P10124,SRGN,Serglycin
P10321,HLA-C,"HLA class I histocompatibility antigen, C alpha chain"
P10323,ACR,Acrosin
P10451,SPP1,Osteopontin
P10586,PTPRF,Receptor-type tyrosine-protein phosphatase F
P10599,TXN,Thioredoxin
P10619,CTSA,Lysosomal protective protein
P10632,CYP2C8,Cytochrome P450 2C8
P10643,C7,Complement component C7
P10645,CHGA,Chromogranin-A
P10646,TFPI,Tissue factor pathway inhibitor
P10721,KIT,Mast/stem cell growth factor receptor Kit
P10912,GHR,Growth hormone receptor
P11021,HSPA5,Endoplasmic reticulum chaperone BiP
P11047,LAMC1,Laminin subunit gamma-1
P11172,UMPS,Uridine 5'-monophosphate synthase
P11215,ITGAM,Integrin alpha-M
P11226,MBL2,Mannose-binding protein C
P11234,RALB,Ras-related protein Ral-B
P11279,LAMP1,Lysosome-associated membrane glycoprotein 1
P11362,FGFR1,Fibroblast growth factor receptor 1
P11464,PSG1,Pregnancy-specific beta-1-glycoprotein 1
P11465,PSG2,Pregnancy-specific beta-1-glycoprotein 2
P11597,CETP,Cholesteryl ester transfer protein
P11717,IGF2R,Cation-independent mannose-6-phosphate receptor
P12109,COL6A1,Collagen alpha-1(VI) chain
P12110,COL6A2,Collagen alpha-2(VI) chain
P12111,COL6A3,Collagen alpha-3(VI) chain
P12259,F5,Coagulation factor V
P12273,PIP,Prolactin-inducible protein
P12318,FCGR2A,Low affinity immunoglobulin gamma Fc region receptor II-a
P12814,ACTN1,Alpha-actinin-1
P12821,ACE,Angiotensin-converting enzyme
P12830,CDH1,Cadherin-1
P12955,PEPD,Xaa-Pro dipeptidase
P13224,GP1BB,Platelet glycoprotein Ib beta chain
P13473,LAMP2,Lysosome-associated membrane glycoprotein 2
P13489,RNH1,Ribonuclease inhibitor
P13497,BMP1,Bone morphogenetic protein 1
P13501,CCL5,C-C motif chemokine 5
P13521,SCG2,Secretogranin-2
P13569,CFTR,Cystic fibrosis transmembrane conductance regulator
P13591,NCAM1,Neural cell adhesion molecule 1
P13598,ICAM2,Intercellular adhesion molecule 2
P13611,VCAN,Versican core protein
P13667,PDIA4,Protein disulfide-isomerase A4
P13671,C6,Complement component C6
P13688,CEACAM1,Cell adhesion molecule CEACAM1
P13727,PRG2,Bone marrow proteoglycan
P13796,LCP1,Plastin-2
P13797,PLS3,Plastin-3
P13987,CD59,CD59 glycoprotein
P14151,SELL,L-selectin
P14174,MIF,Macrophage migration inhibitory factor
P14207,FOLR2,Folate receptor beta
P14209,CD99,CD99 antigen
P14314,PRKCSH,Glucosidase 2 subunit beta
P14384,CPM,Carboxypeptidase M
P14543,NID1,Nidogen-1
P14625,HSP90B1,Endoplasmin
P14780,MMP9,Matrix metalloproteinase-9
P15144,ANPEP,Aminopeptidase N
P15151,PVR,Poliovirus receptor
P15153,RAC2,Ras-related C3 botulinum toxin substrate 2
P15169,CPN1,Carboxypeptidase N catalytic chain
P15291,B4GALT1,"Beta-1,4-galactosyltransferase 1"
P15531,NME1,Nucleoside diphosphate kinase A
P15814,IGLL1,Immunoglobulin lambda-like polypeptide 1
P15907,ST6GAL1,"Beta-galactoside alpha-2,6-sialyltransferase 1"
P16035,TIMP2,Metalloproteinase inhibitor 2
P16070,CD44,CD44 antigen
P16112,ACAN,Aggrecan core protein
P16152,CBR1,Carbonyl reductase [NADPH] 1
P16284,PECAM1,Platelet endothelial cell adhesion molecule
P16930,FAH,Fumarylacetoacetase
P17174,GOT1,"Aspartate aminotransferase, cytoplasmic"
P17301,ITGA2,Integrin alpha-2
P17405,SMPD1,Sphingomyelin phosphodiesterase
P17544,ATF7,Cyclic AMP-dependent transcription factor ATF-7
P17655,CAPN2,Calpain-2 catalytic subunit
P17813,ENG,Endoglin
P17858,PFKL,"ATP-dependent 6-phosphofructokinase, liver type"
P17900,GM2A,Ganglioside GM2 activator
P17931,LGALS3,Galectin-3
P17936,IGFBP3,Insulin-like growth factor-binding protein 3
P18065,IGFBP2,Insulin-like growth factor-binding protein 2
P18085,ARF4,ADP-ribosylation factor 4
P18428,LBP,Lipopolysaccharide-binding protein
P18850,ATF6,Cyclic AMP-dependent transcription factor ATF-6 alpha
P19021,PAM,Peptidyl-glycine alpha-amidating monooxygenase
P19022,CDH2,Cadherin-2
P19256,CD58,Lymphocyte function-associated antigen 3
P19320,VCAM1,Vascular cell adhesion protein 1
P19652,ORM2,Alpha-1-acid glycoprotein 2
P19801,AOC1,Diamine oxidase [copper-containing]
P19823,ITIH2,Inter-alpha-trypsin inhibitor heavy chain H2
P19827,ITIH1,Inter-alpha-trypsin inhibitor heavy chain H1
P19883,FST,Follistatin
P19961,AMY2B,Alpha-amylase 2B
P19971,TYMP,Thymidine phosphorylase
P20023,CR2,Complement receptor type 2
P20062,TCN2,Transcobalamin-2
P20339,RAB5A,Ras-related protein Rab-5A
P20742,PZP,Pregnancy zone protein
P20774,OGN,Mimecan
P20851,C4BPB,C4b-binding protein beta chain
P20933,AGA,N(4)-(beta-N-acetylglucosaminyl)-L-asparaginase
P21128,ENDOU,Uridylate-specific endoribonuclease
P21291,CSRP1,Cysteine and glycine-rich protein 1
P21399,ACO1,Cytoplasmic aconitate hydratase
P21583,KITLG,Kit ligand
P21709,EPHA1,Ephrin type-A receptor 1
P21810,BGN,Biglycan
P22004,BMP6,Bone morphogenetic protein 6
P22105,TNXB,Tenascin-X
P22304,IDS,Iduronate 2-sulfatase
P22352,GPX3,Glutathione peroxidase 3
P22455,FGFR4,Fibroblast growth factor receptor 4
P22692,IGFBP4,Insulin-like growth factor-binding protein 4
P22792,CPN2,Carboxypeptidase N subunit 2
P22891,PROZ,Vitamin K-dependent protein Z
P22894,MMP8,Neutrophil collagenase
P22897,MRC1,Macrophage mannose receptor 1
P23083,IGHV1-2,Immunoglobulin heavy variable 1-2
P23141,CES1,Liver carboxylesterase 1
P23142,FBLN1,Fibulin-1
P23280,CA6,Carbonic anhydrase 6
P23284,PPIB,Peptidyl-prolyl cis-trans isomerase B
P23381,WARS1,"Tryptophan--tRNA ligase, cytoplasmic"
P23467,PTPRB,Receptor-type tyrosine-protein phosphatase beta
P23470,PTPRG,Receptor-type tyrosine-protein phosphatase gamma
P23526,AHCY,Adenosylhomocysteinase
P24043,LAMA2,Laminin subunit alpha-2
P24298,GPT,Alanine aminotransferase 1
P24387,CRHBP,Corticotropin-releasing factor-binding protein
P24592,IGFBP6,Insulin-like growth factor-binding protein 6
P24593,IGFBP5,Insulin-like growth factor-binding protein 5
P24821,TNC,Tenascin
P25311,AZGP1,Zinc-alpha-2-glycoprotein
P25774,CTSS,Cathepsin S
P25786,PSMA1,Proteasome subunit alpha type-1
P25787,PSMA2,Proteasome subunit alpha type-2
P25788,PSMA3,Proteasome subunit alpha type-3
P25789,PSMA4,Proteasome subunit alpha type-4
P25791,LMO2,Rhombotin-2
P25815,S100P,Protein S100-P
P26038,MSN,Moesin
P26447,S100A4,Protein S100-A4
P26572,MGAT1,"Alpha-1,3-mannosyl-glycoprotein 2-beta-N-acetylglucosaminyltransferase"
P26639,TARS1,"Threonine--tRNA ligase 1, cytoplasmic"
P26927,MST1,Hepatocyte growth factor-like protein
P27169,PON1,Serum paraoxonase/arylesterase 1
P27487,DPP4,Dipeptidyl peptidase 4
P27658,COL8A1,Collagen alpha-1(VIII) chain
P27797,CALR,Calreticulin
P27918,CFP,Properdin
P28066,PSMA5,Proteasome subunit alpha type-5
P28072,PSMB6,Proteasome subunit beta type-6
P28799,GRN,Progranulin
P28827,PTPRM,Receptor-type tyrosine-protein phosphatase mu
P28838,LAP3,Cytosol aminopeptidase
P29401,TKT,Transketolase
P29622,SERPINA4,Kallistatin
P30040,ERP29,Endoplasmic reticulum resident protein 29
P30044,PRDX5,"Peroxiredoxin-5, mitochondrial"
P30046,DDT,D-dopachrome decarboxylase
P30086,PEBP1,Phosphatidylethanolamine-binding protein 1
P30101,PDIA3,Protein disulfide-isomerase A3
P30622,CLIP1,CAP-Gly domain-containing linker protein 1
P30626,SRI,Sorcin
P30740,SERPINB1,Leukocyte elastase inhibitor
P30990,NTS,Neurotensin/neuromedin N
P31025,LCN1,Lipocalin-1
P31146,CORO1A,Coronin-1A
P31946,YWHAB,14-3-3 protein beta/alpha
P31949,S100A11,Protein S100-A11
P32004,L1CAM,Neural cell adhesion molecule L1
P32942,ICAM3,Intercellular adhesion molecule 3
P35030,PRSS3,Trypsin-3
P35269,GTF2F1,General transcription factor IIF subunit 1
P35443,THBS4,Thrombospondin-4
P35520,CBS,Cystathionine beta-synthase
P35542,SAA4,Serum amyloid A-4 protein
P35555,FBN1,Fibrillin-1
P35556,FBN2,Fibrillin-2
P35613,BSG,Basigin
P35858,IGFALS,Insulin-like growth factor-binding protein complex acid labile subunit
P35900,KRT20,"Keratin, type I cytoskeletal 20"
P35916,FLT4,Vascular endothelial growth factor receptor 3
P36507,MAP2K2,Dual specificity mitogen-activated protein kinase kinase 2
P36955,SERPINF1,Pigment epithelium-derived factor
P36980,CFHR2,Complement factor H-related protein 2
P37837,TALDO1,Transaldolase
P37840,SNCA,Alpha-synuclein
P38606,ATP6V1A,V-type proton ATPase catalytic subunit A
P39059,COL15A1,Collagen alpha-1(XV) chain
P39060,COL18A1,Collagen alpha-1(XVIII) chain
P40189,IL6ST,Interleukin-6 receptor subunit beta
P40227,CCT6A,T-complex protein 1 subunit zeta
P40818,USP8,Ubiquitin carboxyl-terminal hydrolase 8
P40925,MDH1,"Malate dehydrogenase, cytoplasmic"
P40967,PMEL,Melanocyte protein PMEL
P41159,LEP,Leptin
P41222,PTGDS,Prostaglandin-H2 D-isomerase
P41271,NBL1,Neuroblastoma suppressor of tumorigenicity 1
P42785,PRCP,Lysosomal Pro-X carboxypeptidase
P43121,MCAM,Cell surface glycoprotein MUC18
P43251,BTD,Biotinidase
P43358,MAGEA4,Melanoma-associated antigen 4
P43487,RANBP1,Ran-specific GTPase-activating protein
P43652,AFM,Afamin
P45954,ACADSB,"Short/branched chain specific acyl-CoA dehydrogenase, mitochondrial"
P46459,NSF,Vesicle-fusing ATPase
P46531,NOTCH1,Neurogenic locus notch homolog protein 1
P46781,RPS9,Small ribosomal subunit protein uS4
P47972,NPTX2,Neuronal pentraxin-2
P48357,LEPR,Leptin receptor
P48506,GCLC,Glutamate--cysteine ligase catalytic subunit
P48637,GSS,Glutathione synthetase
P48960,ADGRE5,Adhesion G protein-coupled receptor E5
P49641,MAN2A2,Alpha-mannosidase 2x
P49747,COMP,Cartilage oligomeric matrix protein
P49802,RGS7,Regulator of G-protein signaling 7
P49908,SELENOP,Selenoprotein P
P49913,CAMP,Cathelicidin antimicrobial peptide
P50395,GDI2,Rab GDP dissociation inhibitor beta
P50502,ST13,Hsc70-interacting protein
P50851,LRBA,Lipopolysaccharide-responsive and beige-like anchor protein
P50895,BCAM,Basal cell adhesion molecule
P50993,ATP1A2,Sodium/potassium-transporting ATPase subunit alpha-2
P51452,DUSP3,Dual specificity protein phosphatase 3
P51512,MMP16,Matrix metalloproteinase-16
P51654,GPC3,Glypican-3
P51884,LUM,Lumican
P52209,PGD,"6-phosphogluconate dehydrogenase, decarboxylating"
P52565,ARHGDIA,Rho GDP-dissociation inhibitor 1
P52848,NDST1,Bifunctional heparan sulfate N-deacetylase/N-sulfotransferase 1
P52888,THOP1,Thimet oligopeptidase
P53708,ITGA8,Integrin alpha-8
P54108,CRISP3,Cysteine-rich secretory protein 3
P54277,PMS1,PMS1 protein homolog 1
P54289,CACNA2D1,Voltage-dependent calcium channel subunit alpha-2/delta-1
P54725,RAD23A,Lysine-specific demethylase RAD23A
P54753,EPHB3,Ephrin type-B receptor 3
P54760,EPHB4,Ephrin type-B receptor 4
P54802,NAGLU,Alpha-N-acetylglucosaminidase
P55056,APOC4,Apolipoprotein C-IV
P55058,PLTP,Phospholipid transfer protein
P55072,VCP,Transitional endoplasmic reticulum ATPase
P55083,MFAP4,Microfibril-associated glycoprotein 4
P55103,INHBC,Inhibin beta C chain
P55268,LAMB2,Laminin subunit beta-2
P55285,CDH6,Cadherin-6
P55290,CDH13,Cadherin-13
P55884,EIF3B,Eukaryotic translation initiation factor 3 subunit B
P55899,FCGRT,IgG receptor FcRn large subunit p51
P58012,FOXL2,Forkhead box protein L2
P58166,INHBE,Inhibin beta E chain
P58335,ANTXR2,Anthrax toxin receptor 2
P58546,MTPN,Myotrophin
P59666,DEFA3,Neutrophil defensin 3
P59998,ARPC4,Actin-related protein 2/3 complex subunit 4
P60022,DEFB1,Beta-defensin 1
P60900,PSMA6,Proteasome subunit alpha type-6
P60953,CDC42,Cell division control protein 42 homolog
P60985,KRTDAP,Keratinocyte differentiation-associated protein
P61006,RAB8A,Ras-related protein Rab-8A
P61026,RAB10,Ras-related protein Rab-10
P61088,UBE2N,Ubiquitin-conjugating enzyme E2 N
P61550,ERVS71-1,Endogenous retrovirus group S71 member 1 Env polyprotein
P61604,HSPE1,"10 kDa heat shock protein, mitochondrial"
P61626,LYZ,Lysozyme C
P61769,B2M,Beta-2-microglobulin
P61916,NPC2,NPC intracellular cholesterol transporter 2
P61970,NUTF2,Nuclear transport factor 2
P62249,RPS16,Small ribosomal subunit protein uS9
P62258,YWHAE,14-3-3 protein epsilon
P62736,ACTA2,"Actin, aortic smooth muscle"
P62805,H4C1,Histone H4
P62826,RAN,GTP-binding nuclear protein Ran
P62873,GNB1,Guanine nucleotide-binding protein G(I)/G(S)/G(T) subunit beta-1
P62937,PPIA,Peptidyl-prolyl cis-trans isomerase A
P62942,FKBP1A,Peptidyl-prolyl cis-trans isomerase FKBP1A
P68366,TUBA4A,Tubulin alpha-4A chain
P69891,HBG1,Hemoglobin subunit gamma-1
P69892,HBG2,Hemoglobin subunit gamma-2
P78324,SIRPA,Tyrosine-protein phosphatase non-receptor type substrate 1
P78417,GSTO1,Glutathione S-transferase omega-1
P78509,RELN,Reelin
P80188,LCN2,Neutrophil gelatinase-associated lipocalin
P80303,NUCB2,Nucleobindin-2
P80370,DLK1,Protein delta homolog 1
P80723,BASP1,Brain acid soluble protein 1
P80748,IGLV3-21,Immunoglobulin lambda variable 3-21
P81605,DCD,Dermcidin
P82914,MRPS15,Small ribosomal subunit protein uS15m
P83436,COG7,Conserved oligomeric Golgi complex subunit 7
P99999,CYCS,Cytochrome c
Q00796,SORD,Sorbitol dehydrogenase
Q00887,PSG9,Pregnancy-specific beta-1-glycoprotein 9
Q00888,PSG4,Pregnancy-specific beta-1-glycoprotein 4
Q00889,PSG6,Pregnancy-specific beta-1-glycoprotein 6
Q01459,CTBS,Di-N-acetylchitobiase
Q01469,FABP5,Fatty acid-binding protein 5
Q01638,IL1RL1,Interleukin-1 receptor-like 1
Q01973,ROR1,Inactive tyrosine-protein kinase transmembrane receptor ROR1
Q01995,TAGLN,Transgelin
Q02223,TNFRSF17,Tumor necrosis factor receptor superfamily member 17
Q02747,GUCA2A,Guanylin
Q02818,NUCB1,Nucleobindin-1
Q02985,CFHR3,Complement factor H-related protein 3
Q03154,ACY1,Aminoacylase-1
Q03167,TGFBR3,Transforming growth factor beta receptor type 3
Q03181,PPARD,Peroxisome proliferator-activated receptor delta
Q03468,ERCC6,DNA excision repair protein ERCC-6
Q03591,CFHR1,Complement factor H-related protein 1
Q04756,HGFAC,Hepatocyte growth factor activator serine protease
Q04760,GLO1,Lactoylglutathione lyase
Q05707,COL14A1,Collagen alpha-1(XIV) chain
Q06033,ITIH3,Inter-alpha-trypsin inhibitor heavy chain H3
Q06323,PSME1,Proteasome activator complex subunit 1
Q06828,FMOD,Fibromodulin
Q06830,PRDX1,Peroxiredoxin-1
Q07075,ENPEP,Glutamyl aminopeptidase
Q07654,TFF3,Trefoil factor 3
Q07954,LRP1,Prolow-density lipoprotein receptor-related protein 1
Q07960,ARHGAP1,Rho GTPase-activating protein 1
Q08043,ACTN3,Alpha-actinin-3
Q08174,PCDH1,Protocadherin-1
Q08345,DDR1,Epithelial discoidin domain-containing receptor 1
Q08380,LGALS3BP,Galectin-3-binding protein
Q08554,DSC1,Desmocollin-1
Q08830,FGL1,Fibrinogen-like protein 1
Q08ET2,SIGLEC14,Sialic acid-binding Ig-like lectin 14
Q09328,MGAT5,"Alpha-1,6-mannosylglycoprotein 6-beta-N-acetylglucosaminyltransferase A"
Q0VD83,APOBR,Apolipoprotein B receptor
Q10469,MGAT2,"Alpha-1,6-mannosyl-glycoprotein 2-beta-N-acetylglucosaminyltransferase"
Q10471,GALNT2,Polypeptide N-acetylgalactosaminyltransferase 2
Q10472,GALNT1,Polypeptide N-acetylgalactosaminyltransferase 1
Q10588,BST1,ADP-ribosyl cyclase/cyclic ADP-ribose hydrolase 2
Q12794,HYAL1,Hyaluronidase-1
Q12805,EFEMP1,EGF-containing fibulin-like extracellular matrix protein 1
Q12841,FSTL1,Follistatin-related protein 1
Q12860,CNTN1,Contactin-1
Q12864,CDH17,Cadherin-17
Q12866,MERTK,Tyrosine-protein kinase Mer
Q12884,FAP,Prolyl endopeptidase FAP
Q12907,LMAN2,Vesicular integral-membrane protein VIP36
Q12913,PTPRJ,Receptor-type tyrosine-protein phosphatase eta
Q13093,PLA2G7,Platelet-activating factor acetylhydrolase
Q13103,SPP2,Secreted phosphoprotein 24
Q13200,PSMD2,26S proteasome non-ATPase regulatory subunit 2
Q13214,SEMA3B,Semaphorin-3B
Q13219,PAPPA,Pappalysin-1
Q13231,CHIT1,Chitotriosidase-1
Q13232,NME3,Nucleoside diphosphate kinase C
Q13275,SEMA3F,Semaphorin-3F
Q13287,NMI,N-myc-interactor
Q13308,PTK7,Inactive tyrosine-protein kinase 7
Q13332,PTPRS,Receptor-type tyrosine-protein phosphatase S
Q13418,ILK,Scaffold protein ILK
Q13444,ADAM15,Disintegrin and metalloproteinase domain-containing protein 15
Q13477,MADCAM1,Mucosal addressin cell adhesion molecule 1
Q13510,ASAH1,Acid ceramidase
Q13630,GFUS,GDP-L-fucose synthase
Q13642,FHL1,Four and a half LIM domains protein 1
Q13724,MOGS,Mannosyl-oligosaccharide glucosidase
Q13740,ALCAM,CD166 antigen
Q13790,APOF,Apolipoprotein F
Q13822,ENPP2,Autotaxin
Q13885,TUBB2A,Tubulin beta-2A chain
Q13939,CCIN,Calicin
Q14019,COTL1,Coactosin-like protein
Q14118,DAG1,Dystroglycan 1
Q14126,DSG2,Desmoglein-2
Q14203,DCTN1,Dynactin subunit 1
Q14213,EBI3,Interleukin-27 subunit beta
Q14315,FLNC,Filamin-C
Q14376,GALE,UDP-glucose 4-epimerase
Q14515,SPARCL1,SPARC-like protein 1
Q14517,FAT1,Protocadherin Fat 1
Q14520,HABP2,Factor VII-activating protease
Q14566,MCM6,DNA replication licensing factor MCM6
Q14574,DSC3,Desmocollin-3
Q14624,ITIH4,Inter-alpha-trypsin inhibitor heavy chain H4
Q14667,BLTP2,Bridge-like lipid transfer protein family member 2
Q14697,GANAB,Neutral alpha-glucosidase AB
Q14766,LTBP1,Latent-transforming growth factor beta-binding protein 1
Q14767,LTBP2,Latent-transforming growth factor beta-binding protein 2
Q14789,GOLGB1,Golgin subfamily B member 1
Q14847,LASP1,LIM and SH3 domain protein 1
Q14896,MYBPC3,"Myosin-binding protein C, cardiac-type"
Q14956,GPNMB,Transmembrane glycoprotein NMB
Q15063,POSTN,Periostin
Q15102,PAFAH1B3,Platelet-activating factor acetylhydrolase IB subunit alpha1
Q15113,PCOLCE,Procollagen C-endopeptidase enhancer 1
Q15166,PON3,Serum paraoxonase/lactonase 3
Q15181,PPA1,Inorganic pyrophosphatase
Q15223,NECTIN1,Nectin-1
Q15238,PSG5,Pregnancy-specific beta-1-glycoprotein 5
Q15257,PTPA,Serine/threonine-protein phosphatase 2A activator
Q15262,PTPRK,Receptor-type tyrosine-protein phosphatase kappa
Q15365,PCBP1,Poly(rC)-binding protein 1
Q15404,RSU1,Ras suppressor protein 1
Q15431,SYCP1,Synaptonemal complex protein 1
Q15485,FCN2,Ficolin-2
Q15555,MAPRE2,Microtubule-associated protein RP/EB family member 2
Q15582,TGFBI,Transforming growth factor-beta-induced protein ig-h3
Q15691,MAPRE1,Microtubule-associated protein RP/EB family member 1
Q15726,KISS1,Metastasis-suppressor KiSS-1
Q15828,CST6,Cystatin-M
Q15848,ADIPOQ,Adiponectin
Q15904,ATP6AP1,V-type proton ATPase subunit S1
Q15907,RAB11B,Ras-related protein Rab-11B
Q15942,ZYX,Zyxin
Q16270,IGFBP7,Insulin-like growth factor-binding protein 7
Q16394,EXT1,Exostosin-1
Q16557,PSG3,Pregnancy-specific beta-1-glycoprotein 3
Q16563,SYPL1,Synaptophysin-like protein 1
Q16627,CCL14,C-C motif chemokine 14
Q16655,MLANA,Melanoma antigen recognized by T-cells 1
Q16658,FSCN1,Fascin
Q16663,CCL15,C-C motif chemokine 15
Q16706,MAN2A1,Alpha-mannosidase 2
Q16836,HADH,"Hydroxyacyl-coenzyme A dehydrogenase, mitochondrial"
Q16851,UGP2,UTP--glucose-1-phosphate uridylyltransferase
Q16853,AOC3,Amine oxidase [copper-containing] 3
Q24JP5,TMEM132A,Transmembrane protein 132A
Q2YD98,UVSSA,UV-stimulated scaffold protein A
Q32P28,P3H1,Prolyl 3-hydroxylase 1
Q3SXZ3,ZNF718,Zinc finger protein 718
Q3ZCW2,LGALSL,Galectin-related protein
Q4G0P3,HYDIN,Hydrocephalus-inducing protein homolog
Q4G148,GXYLT1,Glucoside xylosyltransferase 1
Q4LDE5,SVEP1,"Sushi, von Willebrand factor type A, EGF and pentraxin domain-containing protein 1"
Q53RD9,FBLN7,Fibulin-7
Q5JRA6,MIA3,Transport and Golgi organization protein 1 homolog
Q5SSJ5,HP1BP3,Heterochromatin protein 1-binding protein 3
Q5TDH0,DDI2,Protein DDI1 homolog 2
Q5TEU4,NDUFAF5,"Arginine-hydroxylase NDUFAF5, mitochondrial"
Q5VU97,CACHD1,VWFA and cache domain-containing protein 1
Q5VUD6,DIPK1B,Divergent protein kinase domain 1B
Q684P5,RAP1GAP2,Rap1 GTPase-activating protein 2
Q68DL7,C18orf63,Uncharacterized protein C18orf63
Q6B0K9,HBM,Hemoglobin subunit mu
Q6E0U4,DMKN,Dermokine
Q6EMK4,VASN,Vasorin
Q6GPI1,CTRB2,Chymotrypsinogen B2
Q6H9L7,ISM2,Isthmin-2
Q6NT04,TIGD7,Tigger transposable element-derived protein 7
Q6P179,ERAP2,Endoplasmic reticulum aminopeptidase 2
Q6P988,NOTUM,Palmitoleoyl-protein carboxylesterase NOTUM
Q6Q788,APOA5,Apolipoprotein A-V
Q6UVK1,CSPG4,Chondroitin sulfate proteoglycan 4
Q6UWP8,SBSN,Suprabasin
Q6UX71,PLXDC2,Plexin domain-containing protein 2
Q6UXB8,PI16,Peptidase inhibitor 16
Q6UXH0,ANGPTL8,Angiopoietin-like protein 8
Q6UY14,ADAMTSL4,ADAMTS-like protein 4
Q6XQN6,NAPRT,Nicotinate phosphoribosyltransferase
Q6YHK3,CD109,CD109 antigen
Q6ZMI0,PPP1R21,Protein phosphatase 1 regulatory subunit 21
Q6ZMI3,GLDN,Gliomedin
Q6ZMJ2,SCARA5,Scavenger receptor class A member 5
Q6ZNJ1,NBEAL2,Neurobeachin-like protein 2
Q6ZRP7,QSOX2,Sulfhydryl oxidase 2
Q76LX8,ADAMTS13,A disintegrin and metalloproteinase with thrombospondin motifs 13
Q7KZF4,SND1,Staphylococcal nuclease domain-containing protein 1
Q7L014,DDX46,Probable ATP-dependent RNA helicase DDX46
Q7Z3B1,NEGR1,Neuronal growth regulator 1
Q7Z407,CSMD3,CUB and sushi domain-containing protein 3
Q7Z4W1,DCXR,L-xylulose reductase
Q7Z5H3,ARHGAP22,Rho GTPase-activating protein 22
Q7Z7G0,ABI3BP,Target of Nesh-SH3
Q7Z7M0,MEGF8,Multiple epidermal growth factor-like domains protein 8
Q7Z7M8,B3GNT8,"N-acetyllactosaminide beta-1,3-N-acetylglucosaminyltransferase 8"
Q86SF2,GALNT7,N-acetylgalactosaminyltransferase 7
Q86SQ4,ADGRG6,Adhesion G-protein coupled receptor G6
Q86TH1,ADAMTSL2,ADAMTS-like protein 2
Q86TS9,MRPL52,Large ribosomal subunit protein mL52
Q86TY3,ARMH4,Armadillo-like helical domain-containing protein 4
Q86U17,SERPINA11,Serpin A11
Q86UD1,OAF,Out at first protein homolog
Q86UN3,RTN4RL2,Reticulon-4 receptor-like 2
Q86UX2,ITIH5,Inter-alpha-trypsin inhibitor heavy chain H5
Q86VB7,CD163,Scavenger receptor cysteine-rich type 1 protein M130
Q86W24,NLRP14,"NACHT, LRR and PYD domains-containing protein 14"
Q86WK7,AMIGO3,Amphoterin-induced protein 3
Q86X29,LSR,Lipolysis-stimulated lipoprotein receptor
Q86YT9,JAML,Junctional adhesion molecule-like
Q8IUK5,PLXDC1,Plexin domain-containing protein 1
Q8IUL8,CILP2,Cartilage intermediate layer protein 2
Q8IVW4,CDKL3,Cyclin-dependent kinase-like 3
Q8IWV2,CNTN4,Contactin-4
Q8IWW8,ADHFE1,"Hydroxyacid-oxoacid transhydrogenase, mitochondrial"
Q8IXL6,FAM20C,Extracellular serine/threonine protein kinase FAM20C
Q8IYS5,OSCAR,Osteoclast-associated immunoglobulin-like receptor
Q8IZF2,ADGRF5,Adhesion G protein-coupled receptor F5
Q8IZJ3,CPAMD8,C3 and PZP-like alpha-2-macroglobulin domain-containing protein 8
Q8IZT6,ASPM,Abnormal spindle-like microcephaly-associated protein
Q8N135,LGI4,Leucine-rich repeat LGI family member 4
Q8N392,ARHGAP18,Rho GTPase-activating protein 18
Q8N4E4,PDCL2,Phosducin-like protein 2
Q8N5C6,SRBD1,S1 RNA-binding domain-containing protein 1
Q8N6C8,LILRA3,Leukocyte immunoglobulin-like receptor subfamily A member 3
Q8N8K9,KIAA1958,Uncharacterized protein KIAA1958
Q8NBJ4,GOLM1,Golgi membrane protein 1
Q8NBP7,PCSK9,Proprotein convertase subtilisin/kexin type 9
Q8NCC3,PLA2G15,Lysosomal phospholipase A and acyltransferase
Q8ND04,SMG8,Nonsense-mediated mRNA decay factor SMG8
Q8NDA2,HMCN2,Hemicentin-2
Q8NDM7,CFAP43,Cilia- and flagella-associated protein 43
Q8NDX1,PSD4,PH and SEC7 domain-containing protein 4
Q8NEM0,MCPH1,Microcephalin
Q8NF91,SYNE1,Nesprin-1
Q8NFL0,B3GNT7,"UDP-GlcNAc:betaGal beta-1,3-N-acetylglucosaminyltransferase 7"
Q8NGG3,OR5T3,Olfactory receptor 5T3
Q8NHP8,PLBD2,Putative aminopeptidase PLBD2
Q8NHY3,GAS2L2,GAS2-like protein 2
Q8NI36,WDR36,WD repeat-containing protein 36
Q8NI99,ANGPTL6,Angiopoietin-related protein 6
Q8TBE9,NANP,N-acylneuraminate-9-phosphatase
Q8TD06,AGR3,Anterior gradient protein 3
Q8TDH9,BLOC1S5,Biogenesis of lysosome-related organelles complex 1 subunit 5
Q8TDI0,CHD5,ATP-dependent chromatin remodeler CHD5
Q8TDL5,BPIFB1,BPI fold-containing family B member 1
Q8TDY8,IGDCC4,Immunoglobulin superfamily DCC subclass member 4
Q8TER0,SNED1,"Sushi, nidogen and EGF-like domain-containing protein 1"
Q8WUA8,TSKU,Tsukushi
Q8WWA0,ITLN1,Intelectin-1
Q8WWZ8,OIT3,Oncoprotein-induced transcript 3 protein
Q8WXW3,PIBF1,Progesterone-induced-blocking factor 1
Q8WZ42,TTN,Titin
Q8WZ75,ROBO4,Roundabout homolog 4
Q8WZA1,POMGNT1,"Protein O-linked-mannose beta-1,2-N-acetylglucosaminyltransferase 1"
Q92484,SMPDL3A,Cyclic GMP-AMP phosphodiesterase SMPDL3A
Q92496,CFHR4,Complement factor H-related protein 4
Q92520,FAM3C,Protein FAM3C
Q92619,ARHGAP45,Rho GTPase-activating protein 45
Q92626,PXDN,Peroxidasin homolog
Q92743,HTRA1,Serine protease HTRA1
Q92750,TAF4B,Transcription initiation factor TFIID subunit 4B
Q92820,GGH,Gamma-glutamyl hydrolase
Q92823,NRCAM,Neuronal cell adhesion molecule
Q92859,NEO1,Neogenin
Q92954,PRG4,Proteoglycan 4
Q93063,EXT2,Exostosin-2
Q93070,ART4,Ecto-ADP-ribosyltransferase 4
Q96BT3,CENPT,Centromere protein T
Q96CN7,ISOC1,Isochorismatase domain-containing protein 1
Q96DA0,ZG16B,Pancreatic adenocarcinoma up-regulated factor
Q96DT6,ATG4C,Cysteine protease ATG4C
Q96EE4,CCDC126,Coiled-coil domain-containing protein 126
Q96EG1,ARSG,Arylsulfatase G
Q96FE7,PIK3IP1,Phosphoinositide-3-kinase-interacting protein 1
Q96H15,TIMD4,T-cell immunoglobulin and mucin domain-containing protein 4
Q96HD1,CRELD1,Protein disulfide isomerase CRELD1
Q96IY4,CPB2,Carboxypeptidase B2
Q96JM3,CHAMP1,Chromosome alignment-maintaining phosphoprotein 1
Q96JP2,MYO15B,Unconventional myosin-XVB
Q96KC2,ARL5B,ADP-ribosylation factor-like protein 5B
Q96KG7,MEGF10,Multiple epidermal growth factor-like domains protein 10
Q96KN2,CNDP1,Beta-Ala-His dipeptidase
Q96NH3,TBC1D32,Protein broad-minded
Q96NJ5,KLHL32,Kelch-like protein 32
Q96NZ9,PRAP1,Proline-rich acidic protein 1
Q96PD2,DCBLD2,"Discoidin, CUB and LCCL domain-containing protein 2"
Q96PD5,PGLYRP2,N-acetylmuramoyl-L-alanine amidase
Q96PV7,FAM193B,Protein FAM193B
Q96QR1,SCGB3A1,Secretoglobin family 3A member 1
Q96RL7,VPS13A,Intermembrane lipid transfer protein VPS13A
Q96RW7,HMCN1,Hemicentin-1
Q96S96,PEBP4,Phosphatidylethanolamine-binding protein 4
Q99062,CSF3R,Granulocyte colony-stimulating factor receptor
Q99436,PSMB7,Proteasome subunit beta type-7
Q99459,CDC5L,Cell division cycle 5-like protein
Q99466,NOTCH4,Neurogenic locus notch homolog protein 4
Q99497,PARK7,Parkinson disease protein 7
Q99650,OSMR,Oncostatin-M-specific receptor subunit beta
Q99784,OLFM1,Noelin
Q99969,RARRES2,Retinoic acid receptor responder protein 2
Q99973,TEP1,Telomerase protein component 1
Q99983,OMD,Osteomodulin
Q99986,VRK1,Serine/threonine-protein kinase VRK1
Q99988,GDF15,Growth/differentiation factor 15
Q99996,AKAP9,A-kinase anchor protein 9
Q9BQ51,PDCD1LG2,Programmed cell death 1 ligand 2
Q9BQI6,SLF1,SMC5-SMC6 complex localization factor protein 1
Q9BRA2,TXNDC17,Thioredoxin domain-containing protein 17
Q9BRK3,MXRA8,Matrix remodeling-associated protein 8
Q9BRK5,SDF4,45 kDa calcium-binding protein
Q9BS26,ERP44,Endoplasmic reticulum resident protein 44
Q9BTY2,FUCA2,Plasma alpha-L-fucosidase
Q9BUD6,SPON2,Spondin-2
Q9BUN1,MENT,Protein MENT
Q9BWP8,COLEC11,Collectin-11
Q9BXN1,ASPN,Asporin
Q9BXR6,CFHR5,Complement factor H-related protein 5
Q9BY67,CADM1,Cell adhesion molecule 1
Q9BY76,ANGPTL4,Angiopoietin-related protein 4
Q9BYC5,FUT8,"Alpha-(1,6)-fucosyltransferase"
Q9BYJ0,FGFBP2,Fibroblast growth factor-binding protein 2
Q9C0I3,CCSER1,Serine-rich coiled-coil domain-containing protein 1
Q9GZT6,CCDC90B,"Coiled-coil domain-containing protein 90B, mitochondrial"
Q9H074,PAIP1,Polyadenylate-binding protein-interacting protein 1
Q9H1N7,SLC35B3,Adenosine 3'-phospho 5'-phosphosulfate transporter 2
Q9H1U4,MEGF9,Multiple epidermal growth factor-like domains protein 9
Q9H257,CARD9,Caspase recruitment domain-containing protein 9
Q9H299,SH3BGRL3,SH3 domain-binding glutamic acid-rich-like protein 3
Q9H3G5,CPVL,Probable serine carboxypeptidase CPVL
Q9H4A9,DPEP2,Dipeptidase 2
Q9H4G4,GLIPR2,Golgi-associated plant pathogenesis-related protein 1
Q9H596,DUSP21,Dual specificity protein phosphatase 21
Q9H672,ASB7,Ankyrin repeat and SOCS box protein 7
Q9H6X2,ANTXR1,Anthrax toxin receptor 1
Q9H9K5,ERVMER34-1,Endogenous retroviral envelope protein HEMO
Q9HBB8,CDHR5,Cadherin-related family member 5
Q9HBR0,SLC38A10,Solute carrier family 38 member 10
Q9HBW9,ADGRL4,Adhesion G protein-coupled receptor L4
Q9HC56,PCDH9,Protocadherin-9
Q9HCB6,SPON1,Spondin-1
Q9HCE0,EPG5,Ectopic P granules protein 5 homolog
Q9HCL0,PCDH18,Protocadherin-18
Q9HCN6,GP6,Platelet glycoprotein VI
Q9HCU0,CD248,Endosialin
Q9HDC9,APMAP,Adipocyte plasma membrane-associated protein
Q9NNX6,CD209,CD209 antigen
Q9NP78,ABCB9,ABC-type oligopeptide transporter ABCB9
Q9NP80,PNPLA8,Calcium-independent phospholipase A2-gamma
Q9NPF5,DMAP1,DNA methyltransferase 1-associated protein 1
Q9NPG4,PCDH12,Protocadherin-12
Q9NPH3,IL1RAP,Interleukin-1 receptor accessory protein
Q9NPR2,SEMA4B,Semaphorin-4B
Q9NPY3,CD93,Complement component C1q receptor
Q9NQ38,SPINK5,Serine protease inhibitor Kazal-type 5
Q9NQ79,CRTAC1,Cartilage acidic protein 1
Q9NQS3,NECTIN3,Nectin-3
Q9NQT4,EXOSC5,Exosome complex component RRP46
Q9NR34,MAN1C1,"Mannosyl-oligosaccharide 1,2-alpha-mannosidase IC"
Q9NRC6,SPTBN5,"Spectrin beta chain, non-erythrocytic 5"
Q9NTU7,CBLN4,Cerebellin-4
Q9NVJ2,ARL8B,ADP-ribosylation factor-like protein 8B
Q9NY15,STAB1,Stabilin-1
Q9NY97,B3GNT2,"N-acetyllactosaminide beta-1,3-N-acetylglucosaminyltransferase 2"
Q9NYU2,UGGT1,UDP-glucose:glycoprotein glucosyltransferase 1
Q9NZ08,ERAP1,Endoplasmic reticulum aminopeptidase 1
Q9NZK5,ADA2,Adenosine deaminase 2
Q9NZL9,MAT2B,Methionine adenosyltransferase 2 subunit beta
Q9P1F3,ABRACL,Costars family protein ABRACL
Q9P232,CNTN3,Contactin-3
Q9P2S5,WRAP73,WD repeat-containing protein WRAP73
Q9UBG0,MRC2,C-type mannose receptor 2
Q9UBP4,DKK3,Dickkopf-related protein 3
Q9UBQ6,EXTL2,Exostosin-like 2
Q9UBR2,CTSZ,Cathepsin Z
Q9UBX1,CTSF,Cathepsin F
Q9UBX5,FBLN5,Fibulin-5
Q9UEW3,MARCO,Macrophage receptor MARCO
Q9UFH2,DNAH17,Dynein axonemal heavy chain 17
Q9UGM5,FETUB,Fetuin-B
Q9UHG3,PCYOX1,Prenylcysteine oxidase 1
Q9UIB8,CD84,SLAM family member 5
Q9UIF9,BAZ2A,Bromodomain adjacent to zinc finger domain protein 2A
Q9UIQ6,LNPEP,Leucyl-cystinyl aminopeptidase
Q9UJJ9,GNPTG,N-acetylglucosamine-1-phosphotransferase subunit gamma
Q9UK05,GDF2,Growth/differentiation factor 2
Q9UK55,SERPINA10,Protein Z-dependent protease inhibitor
Q9UKJ1,PILRA,Paired immunoglobulin-like type 2 receptor alpha
Q9UKN7,MYO15A,Unconventional myosin-XV
Q9UKU6,TRHDE,Thyrotropin-releasing hormone-degrading ectoenzyme
Q9UL18,AGO1,Protein argonaute-1
Q9ULI3,HEG1,Protein HEG homolog 1
Q9ULK4,MED23,Mediator of RNA polymerase II transcription subunit 23
Q9ULM3,YEATS2,YEATS domain-containing protein 2
Q9ULZ3,PYCARD,Apoptosis-associated speck-like protein containing a CARD
Q9UM47,NOTCH3,Neurogenic locus notch homolog protein 3
Q9UNN8,PROCR,Endothelial protein C receptor
Q9UNW1,MINPP1,Multiple inositol polyphosphate phosphatase 1
Q9UPW5,AGTPBP1,Cytosolic carboxypeptidase 1
Q9UQ72,PSG11,Pregnancy-specific beta-1-glycoprotein 11
Q9UQ74,PSG8,Pregnancy-specific beta-1-glycoprotein 8
Q9UQF0,ERVW-1,Syncytin-1
Q9UQP3,TNN,Tenascin-N
Q9Y240,CLEC11A,C-type lectin domain family 11 member A
Q9Y274,ST3GAL6,"Type 2 lactosamine alpha-2,3-sialyltransferase"
Q9Y279,VSIG4,V-set and immunoglobulin domain-containing protein 4
Q9Y287,ITM2B,Integral membrane protein 2B
Q9Y2I9,TBC1D30,TBC1 domain family member 30
Q9Y2J0,RPH3A,Rabphilin-3A
Q9Y2K6,USP20,Ubiquitin carboxyl-terminal hydrolase 20
Q9Y2T3,GDA,Guanine deaminase
Q9Y2V2,CARHSP1,Calcium-regulated heat-stable protein 1
Q9Y3Q8,TSC22D4,TSC22 domain family protein 4
Q9Y4L1,HYOU1,Hypoxia up-regulated protein 1
Q9Y4W6,AFG3L2,Mitochondrial inner membrane m-AAA protease component AFG3L2
Q9Y5C1,ANGPTL3,Angiopoietin-related protein 3
Q9Y5U5,TNFRSF18,Tumor necrosis factor receptor superfamily member 18
Q9Y5Y7,LYVE1,Lymphatic vessel endothelial hyaluronic acid receptor 1
Q9Y608,LRRFIP2,Leucine-rich repeat flightless-interacting protein 2
Q9Y624,F11R,Junctional adhesion molecule A
Q9Y646,CPQ,Carboxypeptidase Q
Q9Y6N7,ROBO1,Roundabout homolog 1
Q9Y6R0,NUMBL,Numb-like protein
Q9Y6R7,FCGBP,IgGFc-binding protein
Q9Y6Z7,COLEC10,Collectin-10
A0A075B6I4,IGLV10-54,Immunoglobulin lambda variable 10-54
A0A075B6K2,IGLV3-12,Immunoglobulin lambda variable 3-12
A0A0A0MS00,IGLV3-32,Probable non-functional immunoglobulin lambda variable 3-32
A0A0B4J1V1,IGHV3-21,Immunoglobulin heavy variable 3-21
A0A0B4J1Z2,IGKV1D-43,Immunoglobulin kappa variable 1D-43
A0A0C4DH67,IGKV1-8,Immunoglobulin kappa variable 1-8
A0A0J9YXX1,IGHV5-10-1,Immunoglobulin heavy variable 5-10-1
A6NHC0,CAPN8,Calpain-8
O00451,GFRA2,GDNF family receptor alpha-2
O00507,USP9Y,Ubiquitin carboxyl-terminal hydrolase 9Y
O00562,PITPNM1,Membrane-associated phosphatidylinositol transfer protein 1
O00602,FCN1,Ficolin-1
O14558,HSPB6,Heat shock protein beta-6
O14744,PRMT5,Protein arginine N-methyltransferase 5
O14745,NHERF1,Na(+)/H(+) exchange regulatory cofactor NHE-RF1
O15240,VGF,Neurosecretory protein VGF
O15511,ARPC5,Actin-related protein 2/3 complex subunit 5
O43768,ENSA,Alpha-endosulfine
O60645,EXOC3,Exocyst complex component 3
O60664,PLIN3,Perilipin-3
O60667,FCMR,Immunoglobulin mu Fc receptor
O60888,CUTA,Protein CutA
O75366,AVIL,Advillin
O75635,SERPINB7,Serpin B7
O94769,ECM2,Extracellular matrix protein 2
O94919,ENDOD1,Endonuclease domain-containing 1 protein
P01040,CSTA,Cystatin-A
P01130,LDLR,Low-density lipoprotein receptor
P01210,PENK,Proenkephalin-A
P01601,IGKV1D-16,Immunoglobulin kappa variable 1D-16
P01705,IGLV2-23,Immunoglobulin lambda variable 2-23
P01814,IGHV2-70,Immunoglobulin heavy variable 2-70
P01854,IGHE,Immunoglobulin heavy constant epsilon
P01880,IGHD,Immunoglobulin heavy constant delta
P02533,KRT14,"Keratin, type I cytoskeletal 14"
P02538,KRT6A,"Keratin, type II cytoskeletal 6A"
P02794,FTH1,Ferritin heavy chain
P04259,KRT6B,"Keratin, type II cytoskeletal 6B"
P04264,KRT1,"Keratin, type II cytoskeletal 1"
P04746,AMY2A,Pancreatic alpha-amylase
P05060,CHGB,Secretogranin-1
P05089,ARG1,Arginase-1
P05186,ALPL,"Alkaline phosphatase, tissue-nonspecific isozyme"
P05976,MYL1,"Myosin light chain 1/3, skeletal muscle isoform"
P05981,HPN,Serine protease hepsin
P07108,DBI,Acyl-CoA-binding protein
P07711,CTSL,Procathepsin L
P07741,APRT,Adenine phosphoribosyltransferase
P07902,GALT,Galactose-1-phosphate uridylyltransferase
P08779,KRT16,"Keratin, type I cytoskeletal 16"
P09417,QDPR,Dihydropteridine reductase
P0C7X3,CCNYL3,Putative cyclin-Y-like protein 3
P0DP01,IGHV1-8,Immunoglobulin heavy variable 1-8
P0DP57,SLURP2,Secreted Ly-6/uPAR domain-containing protein 2
P11940,PABPC1,Polyadenylate-binding protein 1
P12277,CKB,Creatine kinase B-type
P13645,KRT10,"Keratin, type I cytoskeletal 10"
P13647,KRT5,"Keratin, type II cytoskeletal 5"
P15311,EZR,Ezrin
P15509,CSF2RA,Granulocyte-macrophage colony-stimulating factor receptor subunit alpha
P15586,GNS,N-acetylglucosamine-6-sulfatase
P15941,MUC1,Mucin-1
P16581,SELE,E-selectin
P17948,FLT1,Vascular endothelial growth factor receptor 1
P18669,PGAM1,Phosphoglycerate mutase 1
P20142,PGC,Gastricsin
P20810,CAST,Calpastatin
P20908,COL5A1,Collagen alpha-1(V) chain
P22061,PCMT1,Protein-L-isoaspartate(D-aspartate) O-methyltransferase
P22314,UBA1,Ubiquitin-like modifier-activating enzyme 1
P24844,MYL9,Myosin regulatory light polypeptide 9
P26022,PTX3,Pentraxin-related protein PTX3
P26992,CNTFR,Ciliary neurotrophic factor receptor subunit alpha
P27824,CANX,Calnexin
P27930,IL1R2,Interleukin-1 receptor type 2
P28074,PSMB5,Proteasome subunit beta type-5
P28161,GSTM2,Glutathione S-transferase Mu 2
P29144,TPP2,Tripeptidyl-peptidase 2
P29966,MARCKS,Myristoylated alanine-rich C-kinase substrate
P30273,FCER1G,High affinity immunoglobulin epsilon receptor subunit gamma
P31939,ATIC,Bifunctional purine biosynthesis protein ATIC
P31948,STIP1,Stress-induced-phosphoprotein 1
P35052,GPC1,Glypican-1
P35527,KRT9,"Keratin, type I cytoskeletal 9"
P35908,KRT2,"Keratin, type II cytoskeletal 2 epidermal"
P36269,GGT5,Glutathione hydrolase 5 proenzyme
P37235,HPCAL1,Hippocalcin-like protein 1
P38571,LIPA,Lysosomal acid lipase/cholesteryl ester hydrolase
P40200,CD96,T-cell surface protein tactile
P41218,MNDA,Myeloid cell nuclear differentiation antigen
P42126,ECI1,"Enoyl-CoA delta isomerase 1, mitochondrial"
P43307,SSR1,Translocon-associated protein subunit alpha
P49247,RPIA,Ribose-5-phosphate isomerase
P49588,AARS1,"Alanine--tRNA ligase, cytoplasmic"
P49593,PPM1F,Protein phosphatase 1F
P50120,RBP2,Retinol-binding protein 2
P50453,SERPINB9,Serpin B9
P50552,VASP,Vasodilator-stimulated phosphoprotein
P51161,FABP6,Gastrotropin
P51587,BRCA2,Breast cancer type 2 susceptibility protein
P52566,ARHGDIB,Rho GDP-dissociation inhibitor 2
P53621,COPA,Coatomer subunit alpha
P53634,CTSC,Dipeptidyl peptidase 1
P54764,EPHA4,Ephrin type-A receptor 4
P55259,GP2,Pancreatic secretory granule membrane major glycoprotein GP2
P55287,CDH11,Cadherin-11
P60660,MYL6,Myosin light polypeptide 6
P61978,HNRNPK,Heterogeneous nuclear ribonucleoprotein K
P62136,PPP1CA,Serine/threonine-protein phosphatase PP1-alpha catalytic subunit
P78504,JAG1,Protein jagged-1
P79483,HLA-DRB3,"HLA class II histocompatibility antigen, DR beta 3 chain"
Q01518,CAP1,Adenylyl cyclase-associated protein 1
Q02487,DSC2,Desmocollin-2
Q04695,KRT17,"Keratin, type I cytoskeletal 17"
Q08495,DMTN,Dematin
Q13113,PDZK1IP1,PDZK1-interacting protein 1
Q13421,MSLN,Mesothelin
Q13557,CAMK2D,Calcium/calmodulin-dependent protein kinase type II subunit delta
Q13637,RAB32,Ras-related protein Rab-32
Q13769,THOC5,THO complex subunit 5
Q14112,NID2,Nidogen-2
Q14134,TRIM29,Tripartite motif-containing protein 29
Q14247,CTTN,Src substrate cortactin
Q14623,IHH,Indian hedgehog protein
Q15084,PDIA6,Protein disulfide-isomerase A6
Q15121,PEA15,Astrocytic phosphoprotein PEA-15
Q15435,PPP1R7,Protein phosphatase 1 regulatory subunit 7
Q15465,SHH,Sonic hedgehog protein
Q15477,SKIC2,Superkiller complex protein 2
Q15746,MYLK,"Myosin light chain kinase, smooth muscle"
Q15811,ITSN1,Intersectin-1
Q16651,PRSS8,Prostasin
Q3LXA3,TKFC,Triokinase/FMN cyclase
Q495W5,POFUT4,GDP-fucose protein O-fucosyltransferase 4
Q5D862,FLG2,Filaggrin-2
Q5T2D2,TREML2,Trem-like transcript 2 protein
Q6GTX8,LAIR1,Leukocyte-associated immunoglobulin-like receptor 1
Q6UWP2,DHRS11,Dehydrogenase/reductase SDR family member 11
Q6UXI9,NPNT,Nephronectin
Q6WN34,CHRDL2,Chordin-like protein 2
Q70CQ2,USP34,Ubiquitin carboxyl-terminal hydrolase 34
Q7Z2Y5,NRK,Nik-related protein kinase
Q7Z3G6,PRICKLE2,Prickle-like protein 2
Q7Z5L0,VMO1,Vitelline membrane outer layer protein 1 homolog
Q86WI1,PKHD1L1,Fibrocystin-L
Q8IW75,SERPINA12,Serpin A12
Q8IYM9,TRIM22,E3 ubiquitin-protein ligase TRIM22
Q8IYX8,CEP57L1,Centrosomal protein CEP57L1
Q8IZ83,ALDH16A1,Aldehyde dehydrogenase family 16 member A1
Q8IZA0,KIAA0319L,Dyslexia-associated protein KIAA0319-like protein
Q8N0U7,C1orf87,Uncharacterized protein C1orf87
Q8N149,LILRA2,Leukocyte immunoglobulin-like receptor subfamily A member 2
Q8N387,MUC15,Mucin-15
Q8NBS9,TXNDC5,Thioredoxin domain-containing protein 5
Q8NCL4,GALNT6,Polypeptide N-acetylgalactosaminyltransferase 6
Q8NEN9,PDZD8,PDZ domain-containing protein 8
Q8WUM4,PDCD6IP,Programmed cell death 6-interacting protein
Q8WWI5,SLC44A1,Choline transporter-like protein 1
Q8WWQ8,STAB2,Stabilin-2
Q8WXD2,SCG3,Secretogranin-3
Q96AP7,ESAM,Endothelial cell-selective adhesion molecule
Q96C34,RUNDC1,RUN domain-containing protein 1
Q96M83,CCDC7,Coiled-coil domain-containing protein 7
Q96P63,SERPINB12,Serpin B12
Q96RD9,FCRL5,Fc receptor-like protein 5
Q99439,CNN2,Calponin-2
Q99941,ATF6B,Cyclic AMP-dependent transcription factor ATF-6 beta
Q9BT78,COPS4,COP9 signalosome complex subunit 4
Q9BXP8,PAPPA2,Pappalysin-2
Q9BXX0,EMILIN2,EMILIN-2
Q9GZZ9,UBA5,Ubiquitin-like modifier-activating enzyme 5
Q9H479,FN3K,Fructosamine-3-kinase
Q9H8J5,MANSC1,MANSC domain-containing protein 1
Q9H9Y6,POLR1B,DNA-directed RNA polymerase I subunit RPA2
Q9HD89,RETN,Resistin
Q9NPA0,EMC7,Endoplasmic reticulum membrane protein complex subunit 7
Q9NPF0,CD320,CD320 antigen
Q9NQ76,MEPE,Matrix extracellular phosphoglycoprotein
Q9NR12,PDLIM7,PDZ and LIM domain protein 7
Q9NR31,SAR1A,Small COPII coat GTPase SAR1A
Q9NS71,GKN1,Gastrokine-1
Q9NU22,MDN1,Midasin
Q9NZD4,AHSP,Alpha-hemoglobin-stabilizing protein
Q9P0L0,VAPA,Vesicle-associated membrane protein-associated protein A
Q9UBW5,BIN2,Bridging integrator 2
Q9UHF0,TAC3,Tachykinin-3
Q9UHI8,ADAMTS1,A disintegrin and metalloproteinase with thrombospondin motifs 1
Q9UIW2,PLXNA1,Plexin-A1
Q9UJU6,DBNL,Drebrin-like protein
Q9UK23,NAGPA,N-acetylglucosamine-1-phosphodiester alpha-N-acetylglucosaminidase
Q9UKJ5,CHIC2,Cysteine-rich hydrophobic domain-containing protein 2
Q9UMX0,UBQLN1,Ubiquilin-1
Q9UMX5,NENF,Neudesin
Q9UPS8,ANKRD26,Ankyrin repeat domain-containing protein 26
Q9Y376,CAB39,Calcium-binding protein 39
Q9Y3A5,SBDS,Ribosome maturation protein SBDS
A0A087WSY6,IGKV3D-15,Immunoglobulin kappa variable 3D-15
A0A0B4J1V7,IGHV7-81,Probable non-functional immunoglobulin heavy variable 7-81
A0A0C4DH30,IGHV3-16,Probable non-functional immunoglobulin heavy variable 3-16
A0A0C4DH32,IGHV3-20,Immunoglobulin heavy variable 3-20
A0A0C4DH34,IGHV4-28,Immunoglobulin heavy variable 4-28
A6NI73,LILRA5,Leukocyte immunoglobulin-like receptor subfamily A member 5
A6NKT7,RGPD3,RanBP2-like and GRIP domain-containing protein 3
O14798,TNFRSF10C,Tumor necrosis factor receptor superfamily member 10C
O15335,CHAD,Chondroadherin
O15482,TEX28,Testis-specific protein TEX28
O43173,ST8SIA3,"Alpha-N-acetylneuraminate alpha-2,8-sialyltransferase ST8SIA3"
O43516,WIPF1,WAS/WASL-interacting protein family member 1
O43615,TIMM44,Mitochondrial import inner membrane translocase subunit TIM44
O43653,PSCA,Prostate stem cell antigen
O75127,PTCD1,"Pentatricopeptide repeat-containing protein 1, mitochondrial"
O75129,ASTN2,Astrotactin-2
O75150,RNF40,E3 ubiquitin-protein ligase BRE1B
O75592,MYCBP2,E3 ubiquitin-protein ligase MYCBP2
O75594,PGLYRP1,Peptidoglycan recognition protein 1
O95633,FSTL3,Follistatin-related protein 3
O95677,EYA4,Protein phosphatase EYA4
P00325,ADH1B,All-trans-retinol dehydrogenase [NAD(+)] ADH1B
P00326,ADH1C,Alcohol dehydrogenase 1C
P00352,ALDH1A1,Aldehyde dehydrogenase 1A1
P00995,SPINK1,Serine protease inhibitor Kazal-type 1
P02008,HBZ,Hemoglobin subunit zeta
P02771,AFP,Alpha-fetoprotein
P02792,FTL,Ferritin light chain
P03973,SLPI,Antileukoproteinase
P06315,IGKV5-2,Immunoglobulin kappa variable 5-2
P07355,ANXA2,Annexin A2
P07988,SFTPB,Pulmonary surfactant-associated protein B
P08670,VIM,Vimentin
P08887,IL6R,Interleukin-6 receptor subunit alpha
P09105,HBQ1,Hemoglobin subunit theta-1
P09972,ALDOC,Fructose-bisphosphate aldolase C
P0DV77,TPRX2,Tetrapeptide repeat homeobox protein 2
P10253,GAA,Lysosomal alpha-glucosidase
P14324,FDPS,Farnesyl pyrophosphate synthase
P14923,JUP,Junction plakoglobin
P15090,FABP4,"Fatty acid-binding protein, adipocyte"
P15170,GSPT1,Eukaryotic peptide chain release factor GTP-binding subunit ERF3A
P16109,SELP,P-selectin
P19013,KRT4,"Keratin, type II cytoskeletal 4"
P21281,ATP6V1B2,"V-type proton ATPase subunit B, brain isoform"
P24158,PRTN3,Myeloblastin
P24666,ACP1,Low molecular weight phosphotyrosine protein phosphatase
P25098,GRK2,Beta-adrenergic receptor kinase 1
P28845,HSD11B1,11-beta-hydroxysteroid dehydrogenase 1
P29122,PCSK6,Proprotein convertase subtilisin/kexin type 6
P29279,CCN2,CCN family member 2
P30825,SLC7A1,High affinity cationic amino acid transporter 1
P31151,S100A7,Protein S100-A7
P34096,RNASE4,Ribonuclease 4
P35590,TIE1,Tyrosine-protein kinase receptor Tie-1
P41240,CSK,Tyrosine-protein kinase CSK
P41439,FOLR3,Folate receptor gamma
P42702,LIFR,Leukemia inhibitory factor receptor
P42765,ACAA2,"3-ketoacyl-CoA thiolase, mitochondrial"
P47929,LGALS7,Galectin-7
P48507,GCLM,Glutamate--cysteine ligase regulatory subunit
P48634,PRRC2A,Protein PRRC2A
P48723,HSPA13,Heat shock 70 kDa protein 13
P48745,CCN3,CCN family member 3
P49189,ALDH9A1,4-trimethylaminobutyraldehyde dehydrogenase
P49448,GLUD2,"Glutamate dehydrogenase 2, mitochondrial"
P50402,EMD,Emerin
P50452,SERPINB8,Serpin B8
P52799,EFNB2,Ephrin-B2
P54922,ADPRH,ADP-ribosylhydrolase ARH1
P55001,MFAP2,Microfibrillar-associated protein 2
P60842,EIF4A1,Eukaryotic initiation factor 4A-I
P61586,RHOA,Transforming protein RhoA
P62913,RPL11,Large ribosomal subunit protein uL5
P63208,SKP1,S-phase kinase-associated protein 1
P68104,EEF1A1,Elongation factor 1-alpha 1
P80511,S100A12,Protein S100-A12
P83105,HTRA4,Serine protease HTRA4
P98095,FBLN2,Fibulin-2
Q02413,DSG1,Desmoglein-1
Q02809,PLOD1,"Procollagen-lysine,2-oxoglutarate 5-dioxygenase 1"
Q02878,RPL6,Large ribosomal subunit protein eL6
Q03111,MLLT1,Protein ENL
Q04446,GBE1,"1,4-alpha-glucan-branching enzyme"
Q04721,NOTCH2,Neurogenic locus notch homolog protein 2
Q07092,COL16A1,Collagen alpha-1(XVI) chain
Q07507,DPT,Dermatopontin
Q08397,LOXL1,Lysyl oxidase homolog 1
Q09161,NCBP1,Nuclear cap-binding protein subunit 1
Q12888,TP53BP1,TP53-binding protein 1
Q13449,LSAMP,Limbic system-associated membrane protein
Q13508,ART3,Ecto-ADP-ribosyltransferase 3
Q13867,BLMH,Bleomycin hydrolase
Q14683,SMC1A,Structural maintenance of chromosomes protein 1A
Q14764,MVP,Major vault protein
Q16543,CDC37,Hsp90 co-chaperone Cdc37
Q16621,NFE2,Transcription factor NF-E2 45 kDa subunit
Q16769,QPCT,Glutaminyl-peptide cyclotransferase
Q53EU6,GPAT3,Glycerol-3-phosphate acyltransferase 3
Q53RT3,ASPRV1,Retroviral-like aspartic protease 1
Q5KU26,COLEC12,Collectin-12
Q5TIA1,MEI1,Meiosis inhibitor protein 1
Q5VT52,RPRD2,Regulation of nuclear pre-mRNA domain-containing protein 2
Q68E01,INTS3,Integrator complex subunit 3
Q6MZM0,HEPHL1,Ferroxidase HEPHL1
Q7Z2W4,ZC3HAV1,Zinc finger CCCH-type antiviral protein 1
Q86YZ3,HRNR,Hornerin
Q8IZP6,RNF113B,RING finger protein 113B
Q8IZP9,ADGRG2,Adhesion G-protein coupled receptor G2
Q8N114,SHISA5,Protein shisa-5
Q8N1N4,KRT78,"Keratin, type II cytoskeletal 78"
Q8N684,CPSF7,Cleavage and polyadenylation specificity factor subunit 7
Q8NB25,FAM184A,Protein FAM184A
Q8TDB6,DTX3L,E3 ubiquitin-protein ligase DTX3L
Q8TED9,AFAP1L1,Actin filament-associated protein 1-like 1
Q8WVV4,POF1B,Protein POF1B
Q92530,PSMF1,Proteasome inhibitor PI31 subunit
Q92752,TNR,Tenascin-R
Q99653,CHP1,Calcineurin B homologous protein 1
Q9BUI4,POLR3C,DNA-directed RNA polymerase III subunit RPC3
Q9BWV1,BOC,Brother of CDO
Q9BXS5,AP1M1,AP-1 complex subunit mu-1
Q9GZZ6,CHRNA10,Neuronal acetylcholine receptor subunit alpha-10
Q9H8L6,MMRN2,Multimerin-2
Q9H8W3,FAM204A,Protein FAM204A
Q9HCQ7,NPVF,Pro-FMRFamide-related neuropeptide VF
Q9NP55,BPIFA1,BPI fold-containing family A member 1
Q9NR71,ASAH2,Neutral ceramidase
Q9NS15,LTBP3,Latent-transforming growth factor beta-binding protein 3
Q9NSC7,ST6GALNAC1,"Alpha-N-acetylgalactosaminide alpha-2,6-sialyltransferase 1"
Q9UHB6,LIMA1,LIM domain and actin-binding protein 1
Q9UHY7,ENOPH1,Enolase-phosphatase E1
Q9UJ70,NAGK,N-acetyl-D-glucosamine kinase
Q9UN70,PCDHGC3,Protocadherin gamma-C3
Q9UN73,PCDHA6,Protocadherin alpha-6
Q9Y2F5,ICE1,Little elongation complex subunit 1
Q9Y2Y8,PRG3,Proteoglycan 3
Q9Y3R4,NEU2,Sialidase-2
Q9Y4E8,USP15,Ubiquitin carboxyl-terminal hydrolase 15
Q9Y696,CLIC4,Chloride intracellular channel protein 4
O15145,ARPC3,Actin-related protein 2/3 complex subunit 3
O43824,GTPBP6,Putative GTP-binding protein 6
O60508,CDC40,Pre-mRNA-processing factor 17
O75387,SLC43A1,Large neutral amino acids transporter small subunit 3
O75531,BANF1,Barrier-to-autointegration factor
P09848,LCT,Lactase/phlorizin hydrolase
P0CG23,ZNF853,Zinc finger protein 853
P16157,ANK1,Ankyrin-1
P16415,ZNF823,Zinc finger protein 823
P16671,CD36,Platelet glycoprotein 4
P17812,CTPS1,CTP synthase 1
P19367,HK1,Hexokinase-1
P19634,SLC9A1,Sodium/hydrogen exchanger 1
P36959,GMPR,GMP reductase 1
P42677,RPS27,Small ribosomal subunit protein eS27
P48163,ME1,NADP-dependent malic enzyme
P49721,PSMB2,Proteasome subunit beta type-2
P49773,HINT1,Adenosine 5'-monophosphoramidase HINT1
P52907,CAPZA1,F-actin-capping protein subunit alpha-1
P54803,GALC,Galactocerebrosidase
P57735,RAB25,Ras-related protein Rab-25
P63010,AP2B1,AP-2 complex subunit beta
P68402,PAFAH1B2,Platelet-activating factor acetylhydrolase IB subunit alpha2
Q01970,PLCB3,"1-phosphatidylinositol 4,5-bisphosphate phosphodiesterase beta-3"
Q13098,GPS1,COP9 signalosome complex subunit 1
Q14135,VGLL4,Transcription cofactor vestigial-like protein 4
Q14314,FGL2,Fibroleukin
Q14689,DIP2A,Disco-interacting protein 2 homolog A
Q149M9,NWD1,NACHT domain- and WD repeat-containing protein 1
Q3I5F7,ACOT6,Acyl-coenzyme A thioesterase 6
Q53TS8,CATSPERT,Cation channel sperm-associated targeting subunit tau
Q5FBB7,SGO1,Shugoshin 1
Q5VY43,PEAR1,Platelet endothelial aggregation receptor 1
Q5VZ89,DENND4C,DENN domain-containing protein 4C
Q6JEL2,KLHL10,Kelch-like protein 10
Q6ZXV5,TMTC3,Protein O-mannosyl-transferase TMTC3
Q86VP1,TAX1BP1,Tax1-binding protein 1
Q8IV33,KIAA0825,Uncharacterized protein KIAA0825
Q8IY85,EFCAB13,EF-hand calcium-binding domain-containing protein 13
Q8N201,INTS1,Integrator complex subunit 1
Q8TBP0,TBC1D16,TBC1 domain family member 16
Q92876,KLK6,Kallikrein-6
Q92882,OSTF1,Osteoclast-stimulating factor 1
Q93088,BHMT,Betaine--homocysteine S-methyltransferase 1
Q96F07,CYFIP2,Cytoplasmic FMR1-interacting protein 2
Q9BVG4,PBDC1,Protein PBDC1
Q9H792,PEAK1,Inactive tyrosine-protein kinase PEAK1
Q9HC29,NOD2,Nucleotide-binding oligomerization domain-containing protein 2
Q9HCU5,PREB,Guanine nucleotide-exchange factor SEC12
Q9NPD3,EXOSC4,Exosome complex component RRP41
Q9NTG1,PKDREJ,Polycystin family receptor for egg jelly
Q9NZT1,CALML5,Calmodulin-like protein 5
Q9UKN8,GTF3C4,General transcription factor 3C polypeptide 4
Q9UNE2,RPH3AL,Rab effector Noc2
Q9Y4E6,WDR7,WD repeat-containing protein 7
A0A075B6I3,IGLV11-55,Probable non-functional immunoglobulin lambda variable 11-55
A0A075B6J1,IGLV5-37,Immunoglobulin lambda variable 5-37
A0A087WSY4,IGHV4-30-2,Immunoglobulin heavy variable 4-30-2
A1Z1Q3,MACROD2,ADP-ribose glycohydrolase MACROD2
A6ND91,ASPDH,Aspartate dehydrogenase domain-containing protein
O00186,STXBP3,Syntaxin-binding protein 3
O00264,PGRMC1,Membrane-associated progesterone receptor component 1
O00429,DNM1L,Dynamin-1-like protein
O00442,RTCA,RNA 3'-terminal phosphate cyclase
O00468,AGRN,Agrin
O14594,NCAN,Neurocan core protein
O14793,MSTN,Growth/differentiation factor 8
O15232,MATN3,Matrilin-3
O43294,TGFB1I1,Transforming growth factor beta-1-induced transcript 1 protein
O43488,AKR7A2,Aflatoxin B1 aldehyde reductase member 2
O43529,CHST10,Carbohydrate sulfotransferase 10
O43707,ACTN4,Alpha-actinin-4
O43813,LANCL1,Glutathione S-transferase LANCL1
O60256,PRPSAP2,Phosphoribosyl pyrophosphate synthase-associated protein 2
O60268,KIAA0513,Uncharacterized protein KIAA0513
O60493,SNX3,Sorting nexin-3
O60701,UGDH,UDP-glucose 6-dehydrogenase
O60883,GPR37L1,G-protein coupled receptor 37-like 1
O75369,FLNB,Filamin-B
O75711,SCRG1,Scrapie-responsive protein 1
O75955,FLOT1,Flotillin-1
O76074,PDE5A,"cGMP-specific 3',5'-cyclic phosphodiesterase"
O94886,TMEM63A,Mechanosensitive cation channel TMEM63A
O95336,PGLS,6-phosphogluconolactonase
O95954,FTCD,Formimidoyltransferase-cyclodeaminase
O95967,EFEMP2,EGF-containing fibulin-like extracellular matrix protein 2
O95969,SCGB1D2,Secretoglobin family 1D member 2
P00167,CYB5A,Cytochrome b5
P00367,GLUD1,"Glutamate dehydrogenase 1, mitochondrial"
P00387,CYB5R3,NADH-cytochrome b5 reductase 3
P00505,GOT2,"Aspartate aminotransferase, mitochondrial"
P00966,ASS1,Argininosuccinate synthase
P01762,IGHV3-11,Immunoglobulin heavy variable 3-11
P01893,HLA-H,"Putative HLA class I histocompatibility antigen, alpha chain H"
P02458,COL2A1,Collagen alpha-1(II) chain
P02511,CRYAB,Alpha-crystallin B chain
P03971,AMH,Anti-Muellerian hormone
P04118,CLPS,Colipase
P04155,TFF1,Trefoil factor 1
P05164,MPO,Myeloperoxidase
P05388,RPLP0,Large ribosomal subunit protein uL10
P05997,COL5A2,Collagen alpha-2(V) chain
P06132,UROD,Uroporphyrinogen decarboxylase
P06737,PYGL,"Glycogen phosphorylase, liver form"
P07900,HSP90AA1,Heat shock protein HSP 90-alpha
P08123,COL1A2,Collagen alpha-2(I) chain
P08133,ANXA6,Annexin A6
P08263,GSTA1,Glutathione S-transferase A1
P08758,ANXA5,Annexin A5
P08865,RPSA,Small ribosomal subunit protein uS2
P09110,ACAA1,"3-ketoacyl-CoA thiolase, peroxisomal"
P09211,GSTP1,Glutathione S-transferase P
P09467,FBP1,"Fructose-1,6-bisphosphatase 1"
P09488,GSTM1,Glutathione S-transferase Mu 1
P0DP07,IGHV4-31,Immunoglobulin heavy variable 4-31
P10746,UROS,Uroporphyrinogen-III synthase
P10768,ESD,S-formylglutathione hydrolase
P11166,SLC2A1,"Solute carrier family 2, facilitated glucose transporter member 1"
P11169,SLC2A3,"Solute carrier family 2, facilitated glucose transporter member 3"
P11177,PDHB,"Pyruvate dehydrogenase E1 component subunit beta, mitochondrial"
P11216,PYGB,"Glycogen phosphorylase, brain form"
P11413,G6PD,Glucose-6-phosphate 1-dehydrogenase
P11586,MTHFD1,"C-1-tetrahydrofolate synthase, cytoplasmic"
P12018,VPREB1,Immunoglobulin iota chain
P12081,HARS1,"Histidine--tRNA ligase, cytoplasmic"
P12107,COL11A1,Collagen alpha-1(XI) chain
P12829,MYL4,Myosin light chain 4
P12931,SRC,Proto-oncogene tyrosine-protein kinase Src
P13073,COX4I1,"Cytochrome c oxidase subunit 4 isoform 1, mitochondrial"
P13639,EEF2,Elongation factor 2
P13798,APEH,Acylamino-acid-releasing enzyme
P13929,ENO3,Beta-enolase
P13942,COL11A2,Collagen alpha-2(XI) chain
P14550,AKR1A1,Aldo-keto reductase family 1 member A1
P16452,EPB42,Protein 4.2
P16949,STMN1,Stathmin
P17980,PSMC3,26S proteasome regulatory subunit 6A
P17987,TCP1,T-complex protein 1 subunit alpha
P19784,CSNK2A2,Casein kinase II subunit alpha'
P20073,ANXA7,Annexin A7
P21266,GSTM3,Glutathione S-transferase Mu 3
P21980,TGM2,Protein-glutamine gamma-glutamyltransferase 2
P23229,ITGA6,Integrin alpha-6
P23471,PTPRZ1,Receptor-type tyrosine-protein phosphatase zeta
P24534,EEF1B2,Elongation factor 1-beta
P25325,MPST,3-mercaptopyruvate sulfurtransferase
P25705,ATP5F1A,"ATP synthase F(1) complex subunit alpha, mitochondrial"
P26641,EEF1G,Elongation factor 1-gamma
P27105,STOM,Stomatin
P27348,YWHAQ,14-3-3 protein theta
P28070,PSMB4,Proteasome subunit beta type-4
P29350,PTPN6,Tyrosine-protein phosphatase non-receptor type 6
P29692,EEF1D,Elongation factor 1-delta
P30085,CMPK1,UMP-CMP kinase
P30153,PPP2R1A,Serine/threonine-protein phosphatase 2A 65 kDa regulatory subunit A alpha isoform
P30530,AXL,Tyrosine-protein kinase receptor UFO
P30613,PKLR,Pyruvate kinase PKLR
P31150,GDI1,Rab GDP dissociation inhibitor alpha
P32754,HPD,4-hydroxyphenylpyruvate dioxygenase
P33241,LSP1,Lymphocyte-specific protein 1
P34932,HSPA4,Heat shock 70 kDa protein 4
P34949,MPI,Mannose-6-phosphate isomerase
P35237,SERPINB6,Serpin B6
P35241,RDX,Radixin
P35580,MYH10,Myosin-10
P35611,ADD1,Alpha-adducin
P35612,ADD2,Beta-adducin
P35813,PPM1A,Protein phosphatase 1A
P36222,CHI3L1,Chitinase-3-like protein 1
P36871,PGM1,Phosphoglucomutase-1
P40926,MDH2,"Malate dehydrogenase, mitochondrial"
P43034,PAFAH1B1,Platelet-activating factor acetylhydrolase IB subunit beta
P46776,RPL27A,Large ribosomal subunit protein uL15
P47756,CAPZB,F-actin-capping protein subunit beta
P48058,GRIA4,Glutamate receptor 4
P48059,LIMS1,LIM and senescent cell antigen-like-containing domain protein 1
P48426,PIP4K2A,Phosphatidylinositol 5-phosphate 4-kinase type-2 alpha
P49327,FASN,Fatty acid synthase
P49368,CCT3,T-complex protein 1 subunit gamma
P49720,PSMB3,Proteasome subunit beta type-3
P49746,THBS3,Thrombospondin-3
P49755,TMED10,Transmembrane emp24 domain-containing protein 10
P50749,RASSF2,Ras association domain-containing protein 2
P50990,CCT8,T-complex protein 1 subunit theta
P50991,CCT4,T-complex protein 1 subunit delta
P51572,BCAP31,B-cell receptor-associated protein 31
P51693,APLP1,Amyloid beta precursor like protein 1
P53004,BLVRA,Biliverdin reductase A
P53396,ACLY,ATP-citrate synthase
P53602,MVD,Diphosphomevalonate decarboxylase
P54577,YARS1,"Tyrosine--tRNA ligase, cytoplasmic"
P54578,USP14,Ubiquitin carboxyl-terminal hydrolase 14
P54652,HSPA2,Heat shock-related 70 kDa protein 2
P54920,NAPA,Alpha-soluble NSF attachment protein
P55145,MANF,Mesencephalic astrocyte-derived neurotrophic factor
P55286,CDH8,Cadherin-8
P55291,CDH15,Cadherin-15
P55786,NPEPPS,Puromycin-sensitive aminopeptidase
P58062,SPINK7,Serine protease inhibitor Kazal-type 7
P60520,GABARAPL2,Gamma-aminobutyric acid receptor-associated protein-like 2
P60891,PRPS1,Ribose-phosphate pyrophosphokinase 1
P60981,DSTN,Destrin
P61081,UBE2M,NEDD8-conjugating enzyme Ubc12
P61106,RAB14,Ras-related protein Rab-14
P61158,ACTR3,Actin-related protein 3
P61160,ACTR2,Actin-related protein 2
P61981,YWHAG,14-3-3 protein gamma
P62191,PSMC1,26S proteasome regulatory subunit 4
P62879,GNB2,Guanine nucleotide-binding protein G(I)/G(S)/G(T) subunit beta-2
P62906,RPL10A,Large ribosomal subunit protein uL1
P78371,CCT2,T-complex protein 1 subunit beta
P81172,HAMP,Hepcidin
Q00610,CLTC,Clathrin heavy chain 1
Q02094,RHAG,Ammonium transporter Rh type A
Q02556,IRF8,Interferon regulatory factor 8
Q04917,YWHAH,14-3-3 protein eta
Q05193,DNM1,Dynamin-1
Q05397,PTK2,Focal adhesion kinase 1
Q05682,CALD1,Caldesmon
Q08257,CRYZ,Zeta-crystallin
Q09028,RBBP4,Histone-binding protein RBBP4
Q12802,AKAP13,A-kinase anchor protein 13
Q12918,KLRB1,Killer cell lectin-like receptor subfamily B member 1
Q13283,G3BP1,Ras GTPase-activating protein-binding protein 1
Q13442,PDAP1,28 kDa heat- and acid-stable phosphoprotein
Q14012,CAMK1,Calcium/calmodulin-dependent protein kinase type 1
Q14055,COL9A2,Collagen alpha-2(IX) chain
Q14974,KPNB1,Importin subunit beta-1
Q14982,OPCML,Opioid-binding protein/cell adhesion molecule
Q15370,ELOB,Elongin-B
Q15517,CDSN,Corneodesmosin
Q15833,STXBP2,Syntaxin-binding protein 2
Q16181,SEPTIN7,Septin-7
Q16401,PSMD5,26S proteasome non-ATPase regulatory subunit 5
Q16539,MAPK14,Mitogen-activated protein kinase 14
Q16674,MIA,Melanoma-derived growth regulatory protein
Q4KMG0,CDON,Cell adhesion molecule-related/down-regulated by oncogenes
Q4VNC0,ATP13A5,Probable cation-transporting ATPase 13A5
Q587J7,TDRD12,Putative ATP-dependent RNA helicase TDRD12
Q5BLP8,NICOL1,NELL2-interacting cell ontogeny regulator 1
Q5R3I4,TTC38,Tetratricopeptide repeat protein 38
Q5VWX1,KHDRBS2,"KH domain-containing, RNA-binding, signal transduction-associated protein 2"
Q5ZPR3,CD276,CD276 antigen
Q6GTS8,PM20D1,N-fatty-acyl-amino acid synthase/hydrolase PM20D1
Q6ICL3,TANGO2,Transport and Golgi organization protein 2 homolog
Q6UXD5,SEZ6L2,Seizure 6-like protein 2
Q7Z4R8,C6orf120,UPF0669 protein C6orf120
Q86VP6,CAND1,Cullin-associated NEDD8-dissociated protein 1
Q86Z14,KLB,Beta-klotho
Q8N2S1,LTBP4,Latent-transforming growth factor beta-binding protein 4
Q8N3T6,TMEM132C,Transmembrane protein 132C
Q8N423,LILRB2,Leukocyte immunoglobulin-like receptor subfamily B member 2
Q8TEU8,WFIKKN2,"WAP, Kazal, immunoglobulin, Kunitz and NTR domain-containing protein 2"
Q8WTU2,SSC4D,Scavenger receptor cysteine-rich domain-containing group B protein
Q92973,TNPO1,Transportin-1
Q969H8,MYDGF,Myeloid-derived growth factor
Q969T9,WBP2,WW domain-binding protein 2
Q96B01,RAD51AP1,RAD51-associated protein 1
Q96C24,SYTL4,Synaptotagmin-like protein 4
Q96D15,RCN3,Reticulocalbin-3
Q96FW1,OTUB1,Ubiquitin thioesterase OTUB1
Q96GD0,PDXP,Chronophin
Q96HC4,PDLIM5,PDZ and LIM domain protein 5
Q96IJ6,GMPPA,Mannose-1-phosphate guanylyltransferase regulatory subunit alpha
Q96IU4,ABHD14B,Putative protein-lysine deacylase ABHD14B
Q96KP4,CNDP2,Cytosolic non-specific dipeptidase
Q96N76,UROC1,Urocanate hydratase
Q96PL1,SCGB3A2,Secretoglobin family 3A member 2
Q96TA1,NIBAN2,Protein Niban 2
Q99435,NELL2,Protein kinase C-binding protein NELL2
Q99715,COL12A1,Collagen alpha-1(XII) chain
Q99733,NAP1L4,Nucleosome assembly protein 1-like 4
Q99999,GAL3ST1,Galactosylceramide sulfotransferase
Q9BT09,CNPY3,Protein canopy homolog 3
Q9BYE9,CDHR2,Cadherin-related family member 2
Q9BYH1,SEZ6L,Seizure 6-like protein
Q9C0C9,UBE2O,(E3-independent) E2 ubiquitin-conjugating enzyme
Q9H0R4,HDHD2,Haloacid dehalogenase-like hydrolase domain-containing protein 2
Q9H270,VPS11,Vacuolar protein sorting-associated protein 11 homolog
Q9H7V2,SYNDIG1,Synapse differentiation-inducing gene protein 1
Q9HC38,GLOD4,Glyoxalase domain-containing protein 4
Q9NP70,AMBN,Ameloblastin
Q9NR45,NANS,N-acetylneuraminate-9-phosphate synthase
Q9NRR1,CYTL1,Cytokine-like protein 1
Q9NSD9,FARSB,Phenylalanine--tRNA ligase beta subunit
Q9NT22,EMILIN3,EMILIN-3
Q9NTK5,OLA1,Obg-like ATPase 1
Q9NY33,DPP3,Dipeptidyl peptidase 3
Q9NZC9,SMARCAL1,SNF2 related chromatin remodeling annealing helicase 1
Q9P121,NTM,Neurotrimin
Q9P258,RCC2,Protein RCC2
Q9UBB5,MBD2,Methyl-CpG-binding domain protein 2
Q9UIA9,XPO7,Exportin-7
Q9UJC5,SH3BGRL2,SH3 domain-binding glutamic acid-rich-like protein 2
Q9UKU9,ANGPTL2,Angiopoietin-related protein 2
Q9UKX5,ITGA11,Integrin alpha-11
Q9UL46,PSME2,Proteasome activator complex subunit 2
Q9ULV4,CORO1C,Coronin-1C
Q9UNF0,PACSIN2,Protein kinase C and casein kinase substrate in neurons protein 2
Q9UNZ2,NSFL1C,NSFL1 cofactor p47
Q9UPN3,MACF1,"Microtubule-actin cross-linking factor 1, isoforms 1/2/3/4/5"
Q9UPZ3,HPS5,BLOC-2 complex member HPS5
Q9UQ52,CNTN6,Contactin-6
Q9UQ80,PA2G4,Proliferation-associated protein 2G4
Q9Y251,HPSE,Heparanase
Q9Y2I7,PIKFYVE,1-phosphatidylinositol 3-phosphate 5-kinase
Q9Y3B8,REXO2,"Oligoribonuclease, mitochondrial"
Q9Y3I1,FBXO7,F-box only protein 7
Q9Y446,PKP3,Plakophilin-3
Q9Y570,PPME1,Protein phosphatase methylesterase 1
Q9Y617,PSAT1,Phosphoserine aminotransferase
Q9Y6E0,STK24,Serine/threonine-protein kinase 24
A0A0C4DH39,IGHV1-58,Immunoglobulin heavy variable 1-58
A0A0C4DH69,IGKV1-9,Immunoglobulin kappa variable 1-9
A6NIV6,LRRIQ4,Leucine-rich repeat and IQ domain-containing protein 4
O00139,KIF2A,Kinesin-like protein KIF2A
O00754,MAN2B1,Lysosomal alpha-mannosidase
O14773,TPP1,Tripeptidyl-peptidase 1
O15117,FYB1,FYN-binding protein 1
O15144,ARPC2,Actin-related protein 2/3 complex subunit 2
O43665,RGS10,Regulator of G-protein signaling 10
O60678,PRMT3,Protein arginine N-methyltransferase 3
O75356,ENTPD5,Nucleoside diphosphate phosphatase ENTPD5
O75563,SKAP2,Src kinase-associated phosphoprotein 2
O75608,LYPLA1,Acyl-protein thioesterase 1
O75822,EIF3J,Eukaryotic translation initiation factor 3 subunit J
O94979,SEC31A,Protein transport protein Sec31A
O95998,IL18BP,Interleukin-18-binding protein
P01242,GH2,Growth hormone variant
P01824,IGHV4-39,Immunoglobulin heavy variable 4-39
P04083,ANXA1,Annexin A1
P05019,IGF1,Insulin-like growth factor 1
P06331,IGHV4-34,Immunoglobulin heavy variable 4-34
P08254,MMP3,Stromelysin-1
P08648,ITGA5,Integrin alpha-5
P12429,ANXA3,Annexin A3
P14317,HCLS1,Hematopoietic lineage cell-specific protein
P17050,NAGA,Alpha-N-acetylgalactosaminidase
P23468,PTPRD,Receptor-type tyrosine-protein phosphatase delta
P36952,SERPINB5,Serpin B5
P46109,CRKL,Crk-like protein
P48444,ARCN1,Coatomer subunit delta
P50225,SULT1A1,Sulfotransferase 1A1
P51149,RAB7A,Ras-related protein Rab-7a
P55209,NAP1L1,Nucleosome assembly protein 1-like 1
P55957,BID,BH3-interacting domain death agonist
P62330,ARF6,ADP-ribosylation factor 6
Q00839,HNRNPU,Heterogeneous nuclear ribonucleoprotein U
Q07021,C1QBP,"Complement component 1 Q subcomponent-binding protein, mitochondrial"
Q15818,NPTX1,Neuronal pentraxin-1
Q16762,TST,Thiosulfate sulfurtransferase
Q495D7,LINC01559,Putative uncharacterized protein encoded by LINC01559
Q6IBS0,TWF2,Twinfilin-2
Q70CQ1,USP49,Ubiquitin carboxyl-terminal hydrolase 49
Q8NBJ7,SUMF2,Inactive C-alpha-formylglycine-generating enzyme 2
Q96A26,FAM162A,Protein FAM162A
Q96C90,PPP1R14B,Protein phosphatase 1 regulatory subunit 14B
Q96DZ9,CMTM5,CKLF-like MARVEL transmembrane domain-containing protein 5
Q99460,PSMD1,26S proteasome non-ATPase regulatory subunit 1
Q99685,MGLL,Monoglyceride lipase
Q9BPX5,ARPC5L,Actin-related protein 2/3 complex subunit 5-like protein
Q9BTU6,PI4K2A,Phosphatidylinositol 4-kinase type 2-alpha
Q9BVK6,TMED9,Transmembrane emp24 domain-containing protein 9
Q9BWD1,ACAT2,"Acetyl-CoA acetyltransferase, cytosolic"
Q9H0X4,FAM234A,Protein FAM234A
Q9H4A4,RNPEP,Aminopeptidase B
Q9NTJ5,SACM1L,Phosphatidylinositol-3-phosphatase SAC1
Q9UDX3,SEC14L4,SEC14-like protein 4
Q9UIF3,TEKT2,Tektin-2
O00408,PDE2A,"cGMP-dependent 3',5'-cyclic phosphodiesterase"
O00410,IPO5,Importin-5
O00743,PPP6C,Serine/threonine-protein phosphatase 6 catalytic subunit
O15127,SCAMP2,Secretory carrier-associated membrane protein 2
O43681,GET3,ATPase GET3
O60610,DIAPH1,Protein diaphanous homolog 1
O75064,DENND4B,DENN domain-containing protein 4B
O75116,ROCK2,Rho-associated protein kinase 2
O95696,BRD1,Bromodomain-containing protein 1
P04440,HLA-DPB1,"HLA class II histocompatibility antigen, DP beta 1 chain"
P05387,RPLP2,Large ribosomal subunit protein P2
P08243,ASNS,Asparagine synthetase [glutamine-hydrolyzing]
P11678,EPX,Eosinophil peroxidase
P12724,RNASE3,Eosinophil cationic protein
P16401,H1-5,Histone H1.5
P17213,BPI,Bactericidal permeability-increasing protein
P23378,GLDC,"Glycine dehydrogenase (decarboxylating), mitochondrial"
P23919,DTYMK,Thymidylate kinase
P28289,TMOD1,Tropomodulin-1
P30050,RPL12,Large ribosomal subunit protein uL11
P35754,GLRX,Glutaredoxin-1
P36578,RPL4,Large ribosomal subunit protein uL4
P45974,USP5,Ubiquitin carboxyl-terminal hydrolase 5
P46060,RANGAP1,Ran GTPase-activating protein 1
P46734,MAP2K3,Dual specificity mitogen-activated protein kinase kinase 3
P48643,CCT5,T-complex protein 1 subunit epsilon
P55060,CSE1L,Exportin-2
P60866,RPS20,Small ribosomal subunit protein uS10
P61163,ACTR1A,Alpha-centractin
P62269,RPS18,Small ribosomal subunit protein uS13
P63220,RPS21,Small ribosomal subunit protein eS21
P68036,UBE2L3,Ubiquitin-conjugating enzyme E2 L3
Q00013,MPP1,55 kDa erythrocyte membrane protein
Q12889,OVGP1,Oviduct-specific glycoprotein
Q12906,ILF3,Interleukin enhancer-binding factor 3
Q12982,BNIP2,BCL2/adenovirus E1B 19 kDa protein-interacting protein 2
Q15366,PCBP2,Poly(rC)-binding protein 2
Q16555,DPYSL2,Dihydropyrimidinase-related protein 2
Q16775,HAGH,"Hydroxyacylglutathione hydrolase, mitochondrial"
Q56UN5,MAP3K19,Mitogen-activated protein kinase kinase kinase 19
Q5JST6,EFHC2,EF-hand domain-containing family member C2
Q5XPI4,RNF123,E3 ubiquitin-protein ligase RNF123
Q6GMV3,PTRHD1,Putative peptidyl-tRNA hydrolase PTRHD1
Q6PCE3,PGM2L1,"Glucose 1,6-bisphosphate synthase"
Q86VH2,KIF27,Kinesin-like protein KIF27
Q8ND82,ZNF280C,Zinc finger protein 280C
Q8WXF7,ATL1,Atlastin-1
Q92688,ANP32B,Acidic leucine-rich nuclear phosphoprotein 32 family member B
Q99832,CCT7,T-complex protein 1 subunit eta
Q9BR76,CORO1B,Coronin-1B
Q9BS40,LXN,Latexin
Q9BXD5,NPL,N-acetylneuraminate lyase
Q9BZQ8,NIBAN1,Protein Niban 1
Q9H4A3,WNK1,Serine/threonine-protein kinase WNK1
Q9HC84,MUC5B,Mucin-5B
Q9NRV9,HEBP1,Heme-binding protein 1
Q9Y5K6,CD2AP,CD2-associated protein
Q9Y5P6,GMPPB,Mannose-1-phosphate guanylyltransferase catalytic subunit beta
O95881,TXNDC12,Thioredoxin domain-containing protein 12
P13646,KRT13,"Keratin, type I cytoskeletal 13"
Q13046,PSG7,Pregnancy-specific beta-1-glycoprotein 7
Q14005,IL16,Pro-interleukin-16
Q14BN4,SLMAP,Sarcolemmal membrane-associated protein
Q6PIW4,FIGNL1,Fidgetin-like protein 1
Q6ZP01,RBM44,RNA-binding protein 44
Q6ZTQ3,RASSF6,Ras association domain-containing protein 6
Q7L5L3,GDPD3,Lysophospholipase D GDPD3
Q8IV36,HID1,Protein HID1
Q8N1I0,DOCK4,Dedicator of cytokinesis protein 4
Q8NFW5,DMBX1,Diencephalon/mesencephalon homeobox protein 1
Q92686,NRGN,Neurogranin
Q96DR8,MUCL1,Mucin-like protein 1
Q96JG9,ZNF469,Zinc finger protein 469
Q9BYX4,IFIH1,Interferon-induced helicase C domain-containing protein 1
Q9BZD4,NUF2,Kinetochore protein Nuf2
Q9HA90,EFCC1,EF-hand and coiled-coil domain-containing protein 1
Q9HAT2,SIAE,Sialate O-acetylesterase
Q9P260,RELCH,RAB11-binding protein RELCH
Q9Y6M4,CSNK1G3,Casein kinase I isoform gamma-3
O00161,SNAP23,Synaptosomal-associated protein 23
O43399,TPD52L2,Tumor protein D54
O43639,NCK2,Cytoplasmic protein NCK2
O75629,CREG1,Protein CREG1
O75791,GRAP2,GRB2-related adapter protein 2
O76076,CCN5,CCN family member 5
P05787,KRT8,"Keratin, type II cytoskeletal 8"
P09496,CLTA,Clathrin light chain A
P14061,HSD17B1,17-beta-hydroxysteroid dehydrogenase type 1
P15309,ACP3,Prostatic acid phosphatase
P16885,PLCG2,"1-phosphatidylinositol 4,5-bisphosphate phosphodiesterase gamma-2"
P20827,EFNA1,Ephrin-A1
P20962,PTMS,Parathymosin
P26599,PTBP1,Polypyrimidine tract-binding protein 1
P26885,FKBP2,Peptidyl-prolyl cis-trans isomerase FKBP2
P29218,IMPA1,Inositol monophosphatase 1
P49591,SARS1,"Serine--tRNA ligase, cytoplasmic"
P50995,ANXA11,Annexin A11
P54136,RARS1,"Arginine--tRNA ligase, cytoplasmic"
P54727,RAD23B,Lysine-specific demethylase RAD23B
P55010,EIF5,Eukaryotic translation initiation factor 5
P61758,VBP1,Prefoldin subunit 3
P62244,RPS15A,Small ribosomal subunit protein uS8
P63279,UBE2I,SUMO-conjugating enzyme UBC9
P80217,IFI35,Interferon-induced 35 kDa protein
Q00688,FKBP3,Peptidyl-prolyl cis-trans isomerase FKBP3
Q08209,PPP3CA,Protein phosphatase 3 catalytic subunit alpha
Q0ZGT2,NEXN,Nexilin
Q13043,STK4,Serine/threonine-protein kinase 4
Q13423,NNT,"NAD(P) transhydrogenase, mitochondrial"
Q13613,MTMR1,Phosphatidylinositol-3-phosphate phosphatase MTMR1
Q14116,IL18,Interleukin-18
Q14141,SEPTIN6,Septin-6
Q14554,PDIA5,Protein disulfide-isomerase A5
Q15047,SETDB1,Histone-lysine N-methyltransferase SETDB1
Q15056,EIF4H,Eukaryotic translation initiation factor 4H
Q15126,PMVK,Phosphomevalonate kinase
Q15843,NEDD8,Ubiquitin-like protein NEDD8
Q5JSH3,WDR44,WD repeat-containing protein 44
Q5VUR7,ANKRD20A3P,Putative ankyrin repeat domain-containing protein 20A3
Q7LDG7,RASGRP2,RAS guanyl-releasing protein 2
Q86YL5,TDRP,Testis development-related protein
Q8WXX5,DNAJC9,DnaJ homolog subfamily C member 9
Q8WZA0,LZIC,Protein LZIC
Q92890,UFD1,Ubiquitin recognition factor in ER-associated degradation protein 1
Q96A49,SYAP1,Synapse-associated protein 1
Q96PI1,SPRR4,Small proline-rich protein 4
Q99542,MMP19,Matrix metalloproteinase-19
Q9BUL8,PDCD10,Programmed cell death protein 10
Q9C099,LRRCC1,Leucine-rich repeat and coiled-coil domain-containing protein 1
Q9H159,CDH19,Cadherin-19
Q9H2K8,TAOK3,Serine/threonine-protein kinase TAO3
Q9H444,CHMP4B,Charged multivesicular body protein 4b
Q9H4X1,RGCC,Regulator of cell cycle RGCC
Q9H5F2,CFAP68,Cilia- and flagella-associated protein 68
Q9NR99,MXRA5,Matrix-remodeling-associated protein 5
Q9NRZ9,HELLS,Lymphoid-specific helicase
Q9NWV4,CZIB,CXXC motif containing zinc binding protein
Q9NZN3,EHD3,EH domain-containing protein 3
Q9UDY2,TJP2,Tight junction protein 2
Q9UNH7,SNX6,Sorting nexin-6
Q9Y3F4,STRAP,Serine-threonine kinase receptor-associated protein
Q9Y6C2,EMILIN1,EMILIN-1
Q9Y6E2,BZW2,eIF5-mimic protein 1
Q9Y6F6,IRAG1,"Inositol 1,4,5-triphosphate receptor associated 1"
A0PJE2,DHRS12,Dehydrogenase/reductase SDR family member 12
O75718,CRTAP,Cartilage-associated protein
Q14493,SLBP,Histone RNA hairpin-binding protein
Q96CX2,KCTD12,BTB/POZ domain-containing protein KCTD12
Q99829,CPNE1,Copine-1
Q9Y371,SH3GLB1,Endophilin-B1
O15034,RIMBP2,RIMS-binding protein 2
O15067,PFAS,Phosphoribosylformylglycinamidine synthase
O43175,PHGDH,D-3-phosphoglycerate dehydrogenase
O43242,PSMD3,26S proteasome non-ATPase regulatory subunit 3
O94813,SLIT2,Slit homolog 2 protein
O95196,CSPG5,Chondroitin sulfate proteoglycan 5
O95568,METTL18,Histidine protein methyltransferase 1 homolog
P05413,FABP3,"Fatty acid-binding protein, heart"
P07585,DCN,Decorin
P09497,CLTB,Clathrin light chain B
P11217,PYGM,"Glycogen phosphorylase, muscle form"
P20700,LMNB1,Lamin-B1
P22234,PAICS,Bifunctional phosphoribosylaminoimidazole carboxylase/phosphoribosylaminoimidazole succinocarboxamide synthetase
P22694,PRKACB,cAMP-dependent protein kinase catalytic subunit beta
P28340,POLD1,DNA polymerase delta catalytic subunit
P30566,ADSL,Adenylosuccinate lyase
P35268,RPL22,Large ribosomal subunit protein eL22
P36543,ATP6V1E1,V-type proton ATPase subunit E 1
P39687,ANP32A,Acidic leucine-rich nuclear phosphoprotein 32 family member A
P46783,RPS10,Small ribosomal subunit protein eS10
P62195,PSMC5,26S proteasome regulatory subunit 8
P62851,RPS25,Small ribosomal subunit protein eS25
P62917,RPL8,Large ribosomal subunit protein uL2
Q05519,SRSF11,Serine/arginine-rich splicing factor 11
Q07020,RPL18,Large ribosomal subunit protein eL18
Q14103,HNRNPD,Heterogeneous nuclear ribonucleoprotein D0
Q15185,PTGES3,Prostaglandin E synthase 3
Q16531,DDB1,DNA damage-binding protein 1
Q16819,MEP1A,Meprin A subunit alpha
Q16881,TXNRD1,"Thioredoxin reductase 1, cytoplasmic"
Q53EL9,SEZ6,Seizure protein 6 homolog
Q8IVU1,IGDCC3,Immunoglobulin superfamily DCC subclass member 3
Q8IXR9,C12orf56,Uncharacterized protein C12orf56
Q8N766,EMC1,ER membrane protein complex subunit 1
Q92597,NDRG1,Protein NDRG1
Q92598,HSPH1,Heat shock protein 105 kDa
Q96AC1,FERMT2,Fermitin family homolog 2
Q96F85,CNRIP1,CB1 cannabinoid receptor-interacting protein 1
Q9BUF5,TUBB6,Tubulin beta-6 chain
Q9GZP4,PITHD1,PITH domain-containing protein 1
Q9H094,NBPF3,NBPF family member NBPF3
Q9H3U7,SMOC2,SPARC-related modular calcium-binding protein 2
Q9NQI0,DDX4,Probable ATP-dependent RNA helicase DDX4
Q9NQX4,MYO5C,Unconventional myosin-Vc
Q9NVG8,TBC1D13,TBC1 domain family member 13
Q9NZ53,PODXL2,Podocalyxin-like protein 2
Q9P126,CLEC1B,C-type lectin domain family 1 member B
Q9UHG2,PCSK1N,ProSAAS
Q9UPT6,MAPK8IP3,C-Jun-amino-terminal kinase-interacting protein 3
Q9Y265,RUVBL1,RuvB-like 1
Q9Y4A5,TRRAP,Transformation/transcription domain-associated protein
O15553,MEFV,Pyrin
O43240,KLK10,Kallikrein-10
O75410,TACC1,Transforming acidic coiled-coil-containing protein 1
P42892,ECE1,Endothelin-converting enzyme 1
Q15293,RCN1,Reticulocalbin-1
Q16643,DBN1,Drebrin
Q5T0L3,SPATA46,Spermatogenesis-associated protein 46
Q5T124,UBXN11,UBX domain-containing protein 11
Q8WUX1,SLC38A5,Sodium-coupled neutral amino acid transporter 5
Q96T83,SLC9A7,Sodium/hydrogen exchanger 7
Q9H195,MUC3B,Mucin-3B
Q9ULT0,TTC7A,Tetratricopeptide repeat protein 7A
A8MVZ5,BTNL10P,Putative butyrophilin-like protein 10
P00480,OTC,"Ornithine transcarbamylase, mitochondrial"
P31327,CPS1,"Carbamoyl-phosphate synthase [ammonia], mitochondrial"
P33121,ACSL1,Long-chain-fatty-acid--CoA ligase 1
P34913,EPHX2,Bifunctional epoxide hydrolase 2
P36542,ATP5F1C,"ATP synthase F(1) complex subunit gamma, mitochondrial"
Q13162,PRDX4,Peroxiredoxin-4
Q9BRP4,PAAF1,Proteasomal ATPase-associated factor 1
Q9UBR1,UPB1,Beta-ureidopropionase
O75165,DNAJC13,DnaJ homolog subfamily C member 13
P04156,PRNP,Major prion protein
P05198,EIF2S1,Eukaryotic translation initiation factor 2 subunit 1
P11150,LIPC,Hepatic triacylglycerol lipase
P27338,MAOB,Amine oxidase [flavin-containing] B
P29373,CRABP2,Cellular retinoic acid-binding protein 2
Q04941,PLP2,Proteolipid protein 2
